rollback_dt,jdb_id,service_fee,逾期天数,逾期金额,逾期债务数,最小利率,最大利率,首笔借款当前是否逾期,是否首次逾期,历史借款次数含展期,历史借款次数不含展期,历史非逾期还款次数,历史逾期还款次数,前14天外呼数,前14天接通数,前14天接通时长
1,994651508253356035,47.32,539,1697.08,1,0,0,,,10,10,21,13,0,0,0
1,991702609754554370,4.76,113,1442.13,1,0,0,,,345,6,5,19,6,0,0
1,991702609754554370,4.76,107,1531.48,1,0,0,,,345,6,5,18,7,1,18
1,991702609754554370,4.76,101,1620.47,1,0,0,,,345,6,5,17,7,1,18
1,989902426767065089,462.94,240,141303.22,7,24,24,,,1879,1018,2345,111,6,5,40
1,989902426767065089,41.06,224,140755.4,8,12,24,,,1868,1015,2318,110,7,5,53
1,987120068330479622,15.7,184,21703.25,6,0,24,,,373,97,208,7,7,0,0
1,986187036023009283,657.67,59,19906.42,2,0,0,,,16,13,12,1,0,0,0
1,983056293755301897,1039.62,113,150031.06,5,0,15.4,,,191,170,180,8,6,0,0
1,985949650357796872,503.23,92,24881.81,3,2,3,,,151,112,123,10,0,0,0
1,985949650357796872,204.67,85,28887.26,4,2,3,,,151,112,123,9,0,0,0
1,968597585478500360,368.05,91,7358.44,2,10,15.4,,,206,95,107,52,6,0,0
1,968102487607164936,249.99,148,172376.05,5,1,2,,,2362,1340,1782,37,6,0,0
1,967961201109594119,0.48,94,3162.22,2,24,24,,是,6,6,13,6,6,0,0
1,967961201109594119,0.96,87,3167.12,2,24,24,,是,6,6,13,5,6,0,0
1,978257609838526465,24.99,46,18916.21,7,0,15,,,721,74,266,13,0,0,0
1,976550135351697410,150.64,62,64578.94,5,0,14,,,566,315,414,28,0,0,0
1,975099845498855433,129.47,84,2588.49,1,5,5,,,62,48,36,12,0,0,0
1,974345188837122051,171.26,838,3424.06,2,24,24,是,,12,2,2,3,7,4,38
1,973973711298187264,0.04,851,4676.85,4,24,24,,是,22,22,18,0,0,0,0
1,969705653788430341,444.11,689,8878.39,1,12,12,是,是,1,1,0,0,0,0,0
1,967377034621702150,360.45,81,25771.41,10,0,0,,,472,155,167,17,6,0,0
1,956888649553633287,9.99,511,10870.01,3,18,24,,,49,46,72,23,6,2,12
1,951177627979182087,100.5,621,23788,3,1,24,,,570,73,123,17,6,0,0
1,940920855737618439,7.99,77,63279.54,13,0,15,,,670,255,416,33,6,4,84
1,931662207672864768,47.61,528,18900,55,24,24,,,267,266,751,416,6,3,18
1,967817605727334407,2.38,508,3767.25,2,8,12,,是,4,4,11,2,0,0,0
1,929097291350900745,4.99,61,5184.68,3,0,15,,,21,8,14,2,6,2,21
1,927608987728175111,1390.58,118,107013.56,3,0,1,,,122,113,107,1,6,0,0
1,959909078501388289,307.55,61,6148.68,2,0,0,,,10,10,7,2,7,0,0
1,914193444891492361,40.32,84,2271.24,2,0,0,,是,22,18,20,1,6,0,0
1,914193444891492361,73.33,84,1466.13,1,0,0,,是,22,18,20,3,6,0,0
1,904083603556618245,127.52,1065,2550.6,2,24,24,是,是,2,2,0,0,6,4,44
1,944274883087388673,100.06,468,7783.08,3,12,24,,,231,142,165,12,7,1,21
1,902652312537739270,14.26,1065,3318.33,1,24,24,是,是,1,1,0,0,6,2,22
1,895324662462894080,25.19,121,22012.42,2,0,24,,是,37,33,112,119,6,1,9
1,938113381246644233,162.94,962,3257.6,1,0,0,是,是,1,1,0,0,0,0,0
1,882186965259091976,9.99,91,10247.44,5,0,0,,,21,16,17,5,6,4,24
1,859349199995490313,790.35,159,15797.7,3,0,0,,,32,26,23,0,6,0,0
1,854001455005126656,0.49,260,10391.59,9,0,24,,,140,75,108,4,6,0,0
1,837426701716647940,274.02,193,33536.35,4,2,12,,是,47,45,43,1,6,0,0
1,921146877095653377,265.99,297,5317.11,2,24,24,,,25,20,25,3,0,0,0
1,835530061229551624,322.09,69,7470.41,4,15,15,,,30,16,13,1,6,0,0
1,812725903468478470,406.58,246,56011.94,6,24,24,,,112,104,100,2,6,0,0
1,917085308372082688,22.51,682,450.1,1,24,24,,,7,6,4,1,0,0,0
1,810665280110800904,309.03,107,32144.56,7,0,15.4,,,207,87,121,20,6,0,0
1,806541756010016776,24.99,108,143124.08,22,0,24,,,373,308,296,19,6,0,0
1,785556638516862978,775.36,594,41711.04,3,10,20,,是,303,297,326,3,6,0,0
1,760321964278505472,14.99,135,3125.34,9,15.4,24,,,298,158,300,74,6,2,12
1,758016284293033993,226.41,590,43039.76,6,20,24,,,603,216,280,119,6,2,9
1,907964777551065090,54.21,139,1547.39,2,15,15,,,346,182,332,42,7,3,20
1,657608769966541723,19.05,186,5603.1,6,10,24,,,95,38,25,23,6,1,11
1,653184057865462250,7.52,1059,95248.4,6,0,0,,,525,305,233,267,6,5,26
1,647398042056104053,361.69,1065,5165.08,2,24,24,,是,16,6,3,1,6,6,66
1,637622187129954263,25.1,134,1045.6,2,15,16,,,113,111,97,51,6,6,119
1,622143955301410051,53,122,33738.81,24,0,24,,,151,137,120,60,6,2,12
1,901887142651719681,2653.4,318,53041.74,1,24,24,,,115,14,27,1,7,0,0
1,622143955301410051,0.48,116,33034.67,23,1,24,,,151,137,120,59,6,3,18
1,619474109216450744,25.21,120,12445.75,4,0,24,,,858,254,451,51,6,0,0
1,617064831088176434,1.06,110,8532.31,5,0,0,,是,29,29,10,4,6,0,0
1,616452189080361885,97.16,1438,1942.83,2,23,23,是,是,2,2,0,0,6,3,40
1,607699222860785106,54.98,1681,1099.22,2,24,24,,是,7,7,0,6,6,5,64
1,606504124726749404,130.1,409,14246.4,4,0,24,,,73,43,27,25,6,0,0
1,877583653574492168,332.39,69,14232.37,3,0,0,,,104,89,110,17,0,0,0
1,877583653574492168,201,54,13177.2,3,0,0,,,104,89,110,16,0,0,0
1,867462307070836737,4.99,125,1781,2,1,15,,是,35,6,26,13,7,4,39
1,597447132126641079,7.04,261,93581.32,29,0,24,,是,50,50,8,25,6,0,0
1,597447132126641079,22.58,255,68750.86,27,0,24,,是,50,50,8,24,6,0,0
1,590610755703532401,93.27,1856,652.64,1,24,24,是,是,1,1,0,0,6,0,0
1,586924435347717520,9.99,542,142684.24,22,0,24,,是,713,378,454,147,6,0,0
1,862528167716270082,150.86,88,8309.6,2,14,15,,,178,43,127,15,7,0,0
1,861643655381737476,69.99,57,11462.92,3,1,12,,,273,51,140,86,0,0,0
1,575395423657381271,0.48,675,28411.16,9,0,24,是,是,19,14,6,1,6,0,0
1,574298393992226778,140.05,93,17679.45,3,0,15,,,464,280,624,61,6,6,39
1,555100789788344575,706.18,109,16257.99,2,0,0,,,65,65,206,3,6,3,47
1,551819466325604737,4.75,120,24500.15,8,0,24,,,652,155,375,39,6,2,12
1,550654932927886127,0.08,420,25093.47,3,0,24,,,571,228,196,117,6,0,0
1,855402935444520964,180.46,1065,2577.22,2,24,24,,是,33,13,10,1,0,0,0
1,549316532077592107,9.99,77,13890.01,3,0,15.2,,是,20,19,12,6,6,0,0
1,547696327719103715,83.63,1029,1672.14,2,24,24,,,10,10,0,8,6,2,20
1,851201969988005891,82.35,737,1646.21,1,24,24,,,51,34,28,36,0,0,0
1,547155159964978977,4.76,119,10753.59,1,20,20,是,是,1,1,2,1,6,0,0
1,547155159964978977,4.76,103,10743.2,1,20,20,是,是,1,1,2,0,6,0,0
1,540214594270655306,1.31,1777,1750.75,2,0,0,是,是,2,2,0,0,6,1,16
1,843489738902962177,6.54,1160,3652.24,1,0,0,,,10,8,4,18,7,0,0
1,539059725799240035,149.11,503,43141.31,25,0,24,,,4523,4061,6615,250,6,0,0
1,539059725799240035,51.69,502,44153.56,26,0,24,,,4523,4061,6615,249,6,0,0
1,535066867398973466,906.73,102,39705.19,3,0,24,,,57,54,67,8,6,0,0
1,532241143469935883,95.06,239,4627.97,3,0,0,,,145,124,28,98,6,0,0
1,826459731441692678,54.6,71,21652.28,4,15.4,15.4,,是,129,72,86,9,0,0,0
1,531246312474639038,289.99,145,32844.44,4,0,24,,,793,346,908,160,6,2,14
1,530411948157281466,103.72,97,30497,10,0,15.4,,,448,62,73,14,6,0,0
1,525982280428229747,120.3,163,6038.83,5,0,0,,,530,277,283,125,6,0,0
1,817395580585062402,24.99,168,20225,6,0,24,,,87,47,59,6,0,0,0
1,523519060647243394,1675.5,179,33490.44,1,0,0,,,69,49,62,0,6,1,21
1,814512573234757632,11.34,239,6589.59,2,15,24,,,391,105,313,6,0,0,0
1,814512573234757632,7.49,230,6706.23,2,15,24,,,391,105,313,5,0,0,0
1,519628670655632587,60.15,217,1202.35,1,15,15,,,120,79,71,56,6,0,0
1,518932686262869581,48.99,117,979.81,1,24,24,是,是,5,1,4,4,6,0,0
1,811588328565452808,401.46,143,12282.39,2,0,1,,,157,138,278,21,7,5,42
1,518830180589477151,4.76,201,5587.79,1,24,24,,,109,40,61,16,6,0,0
1,808696726624890880,0.16,632,9061.85,6,12,24,,是,7,7,1,17,7,0,0
1,807929364053176326,171.82,60,7156.71,2,0,0,,,135,117,641,12,0,0,0
1,518830180589477151,4.76,200,5679.11,1,24,24,,,109,40,61,15,6,0,0
1,806541756010016776,34.99,101,143294.46,22,0,24,,,373,308,296,18,7,1,17
1,805010341015531529,53.05,48,3057.96,1,0,0,,是,2,2,8,0,0,0,0
1,803616764498763784,304.1,71,70999.1,4,0,15,,是,49,25,41,0,7,2,11
1,803005550261387265,24.99,46,13173.74,2,1,15.4,,,242,79,127,35,0,0,0
1,799299107532255239,330.53,156,6610.7,1,0,0,,是,77,76,97,0,7,0,0
1,518830180589477151,71.3,199,7100.47,1,24,24,,,109,40,61,14,6,0,0
1,517868493275857803,29.89,250,597.6,1,24,24,,,16,9,7,8,6,4,64
1,517360767902268678,5004.21,126,214833.51,4,0,0,,是,30,30,31,3,6,4,32
1,788438739385790464,9.99,81,38511.28,5,0,15.4,,,1044,167,127,65,0,0,0
1,788438739385790464,65.94,79,39799.03,6,0,15.4,,,1044,167,127,63,0,0,0
1,516958317009539392,375.44,766,7505.52,1,0,0,,,300,245,231,189,6,3,31
1,777218716919103489,1.17,1342,2261.82,2,23,23,,是,6,6,4,0,0,0,0
1,773995716010799106,49.99,112,48622.96,3,0,15,,是,12,12,10,4,0,0,0
1,768574366697877513,149.99,202,14991.4,3,0,0,,,213,209,211,2,7,1,21
1,763207267884425222,0.48,56,397.8,1,0,0,,是,6,4,2,47,0,0,0
1,763207267884425222,0.48,54,406.99,1,0,0,,是,6,4,2,46,0,0,0
1,763207267884425222,0.48,52,416.17,1,0,0,,是,6,4,2,45,0,0,0
1,763207267884425222,0.96,51,435.03,1,0,0,,是,6,4,2,44,0,0,0
1,763207267884425222,0.48,50,444.37,1,0,0,,是,6,4,2,43,0,0,0
1,763207267884425222,0.48,49,453.7,1,0,0,,是,6,4,2,42,0,0,0
1,763207267884425222,0.48,48,463.03,1,0,0,,是,6,4,2,41,0,0,0
1,763207267884425222,0.48,47,472.36,1,0,0,,是,6,4,2,40,0,0,0
1,763207267884425222,0.48,46,481.68,1,0,0,,是,6,4,2,39,0,0,0
1,516340913355813424,2.33,155,3225.35,1,0,0,,,633,377,675,259,6,0,0
1,511571721053835621,150.73,148,3012.64,1,1,1,,,3,2,1,4,6,0,0
1,511571721053835621,142.59,145,5856.9,1,1,1,,,3,2,1,3,6,0,0
1,508960133691640886,16.35,127,991.5,1,15,15,,,29,27,7,42,6,0,0
1,734435671724479601,24.99,417,1371.23,2,0,24,,,12,7,21,3,7,0,0
1,506857442363030617,84.31,1057,1686.4,2,0,0,,是,18,15,5,4,6,1,13
1,505815590507424883,14.28,573,11762.58,5,20,24,,,73,56,109,82,6,0,0
1,729330487780398476,51.61,622,12369.33,4,1,24,,,83,71,36,54,7,0,0
1,723915316945573885,157.98,120,5387.04,1,0,0,,是,43,41,55,0,7,0,0
1,721697706657019996,101.93,46,3866.63,2,1,1,,,13,10,6,3,0,0,0
1,505815590507424883,6.19,572,11880.35,5,20,24,,,73,56,109,81,6,0,0
1,505425541420651546,100.96,287,5401.65,2,0,24,,,73,69,99,13,6,1,7
1,686638429190083944,256.51,63,5128.1,1,0,0,是,是,1,1,0,0,7,0,0
1,505180865287727410,92.03,1859,643.77,1,0,0,,是,4,4,1,4,6,3,54
1,662225735993880574,101.63,1148,12555.76,5,0,24,,,78,59,47,15,0,0,0
1,504878587612166649,14.28,617,1178682.48,49,0,0,,,563,407,439,27,6,0,0
1,504878587612166649,14.28,614,1177228.21,49,0,0,,,563,407,439,25,6,0,0
1,659109173682044631,24.99,87,41569.35,6,6,15,,,409,384,368,58,7,6,55
1,659109173682044631,100.16,80,42431.93,6,6,15,,,408,383,367,57,7,6,69
1,502392712562993751,105.99,89,2118.56,1,12,12,是,是,1,1,0,0,6,4,66
1,502063444566145322,15.24,176,3101.5,3,0,24,,是,49,46,49,0,6,0,0
1,501802142181777479,17.01,98,6601.89,7,0,0,,是,9,9,1,5,6,0,0
1,501802142181777479,53.98,92,6973.91,7,0,0,,是,9,9,1,4,6,1,21
1,501802142181777479,45.5,85,5772.22,6,0,0,,是,9,9,1,2,6,1,21
1,501751334233220299,35.24,159,14430.46,5,10,24,,,380,217,284,26,6,5,45
1,501625178561907846,1.87,1859,3197.51,4,0,0,,是,8,8,5,10,6,1,21
1,649621987513714793,60.49,1606,1209.52,2,0,0,是,是,2,2,0,0,0,0,0
1,500749216604844657,522,1769,3652.62,3,24,24,是,是,3,3,0,0,6,2,14
1,500616205926644306,0.42,341,28633.71,7,6,24,,,801,455,454,119,6,0,0
1,498869842649155490,1605.67,67,498171.75,33,0,0,,是,55,55,23,94,6,2,21
1,637622187129954263,25.44,119,1047.73,2,15,16,,,112,110,97,50,7,4,83
1,635449633338413462,215.68,64,9250.21,4,0,12,,,98,39,53,13,0,0,0
1,635376763828533482,2.62,140,99959.63,7,15,24,,,1065,945,1107,212,7,6,126
1,635376763828533482,0.48,140,100015.74,6,15,24,,,1065,945,1107,213,7,6,126
1,635376763828533482,0.48,140,100169.1,6,15,24,,,1065,945,1107,214,7,6,126
1,635376763828533482,1.43,137,99825.17,7,15,24,,,1064,944,1106,211,7,4,84
1,635376763828533482,2.85,136,99827.83,7,15,24,,,1064,944,1106,210,7,4,84
1,498869842649155490,640.41,66,505224.93,34,0,0,,是,55,55,23,85,6,2,21
1,630621005649650835,0.29,1607,199114.59,91,0,24,,是,467,428,507,88,0,0,0
1,498869842649155490,4138.29,65,552761.58,35,0,0,,是,55,55,23,59,6,3,37
1,498869842649155490,75.24,62,552583.78,35,0,0,,是,55,55,23,53,6,3,37
1,498869842649155490,148.45,59,553274.95,35,0,0,,是,55,55,23,46,6,2,24
1,498869842649155490,147.66,58,554665.42,35,0,0,,是,55,55,23,34,6,2,24
1,625429522835052433,1549.96,80,30986.7,1,0,0,,是,18,17,18,2,0,0,0
1,624691812780859847,4622.58,1540,256991.37,4,1,1,,是,7,7,1,0,0,0,0
1,498622145988004949,24.99,241,85706.06,45,12,24,,,2447,2392,4407,35,6,1,21
1,622724616508411080,301.47,89,25035.7,4,12,15,,,533,277,445,157,7,0,0
1,498622145988004949,14.99,238,85858.94,45,12,24,,,2446,2392,4405,34,6,1,21
1,498119350209818521,205.07,468,272185.81,359,0,24,,,675,639,190,120,6,4,26
1,497779317212873588,6.39,332,2962.83,3,0,0,,是,24,24,10,29,6,0,0
1,620941746966478842,99.99,142,6007.76,1,12,12,,,18,18,59,41,0,0,0
1,497715486545421358,52.49,604,10799.87,1,24,24,,,125,85,94,45,6,0,0
1,497704168576951499,0.95,582,39180.31,20,0,1,,,1002,512,727,365,6,4,41
1,497160439927428972,116.31,961,15479.88,6,8,24,,,144,119,65,12,6,2,4
1,496923843571550217,250.51,196,7331.74,2,15,15,,,237,160,236,35,6,1,11
1,496772733137340850,75.75,124,1514.12,1,0,0,,,317,265,225,50,6,1,4
1,496404624798918654,0.7,538,184811.95,66,1.8,24,,是,5104,5104,5372,49,6,0,0
1,617064831088176434,26.94,104,7453.54,5,0,0,是,是,29,29,10,2,7,0,0
1,496296530836200843,5.66,1231,5957.93,3,24,24,,,62,59,82,188,6,2,34
1,496277274409115210,3.35,282,522.11,2,0,0,是,是,4,4,3,0,6,0,0
1,496023013324960191,49.99,769,11866.93,5,20,24,,是,82,75,75,41,6,1,4
1,495701233523234336,162.01,108,3238.39,1,24,24,,,120,53,35,20,6,0,0
1,490959473746128983,0.51,108,18761.02,2,0,0,,是,210,161,183,12,6,2,22
1,484988373409214464,117.81,273,2355.01,1,0,0,,,100,97,87,11,6,6,54
1,1263702403593535489,150.31,118,8635.04,3,0,0,,是,47,42,53,3,6,5,96
1,1263702403593535489,90.1,109,3513.61,2,0,0,,是,41,39,48,2,6,5,60
1,612333457032552900,0.58,1233,9180.7,13,20,24,是,是,24,13,0,0,0,0,0
1,612326045489562122,39.99,67,62848.93,7,0,15.4,,,579,181,260,23,0,0,0
1,1263702403593535489,59.99,108,1711.3,1,0,0,,是,39,38,46,1,6,5,60
1,1212387659721158659,48.81,221,975.73,1,0,0,是,是,1,1,0,1,6,0,0
1,609502279747234112,559.84,1844,3917.48,9,24,24,,是,10,10,3,0,0,0,0
1,608969064708052518,1110.81,1807,47053.3,9,0,0,,是,11,11,2,2,0,0,0
1,608969064708052518,125.91,1790,25524.07,4,0,0,,是,11,11,2,1,0,0,0
1,608969064708052518,1250.13,1788,34244.82,4,0,0,,是,11,11,2,0,0,0,0
1,1199698049006252038,150.35,137,54115.03,7,0,8,,是,31,31,37,0,6,0,0
1,1199355432179544072,149.99,60,67115.94,4,0,0,,,130,127,117,9,6,0,0
1,1199355432179544072,8801.87,59,289558.7,10,0,0,,,130,127,116,2,6,0,0
1,1199355432179544072,2328.58,59,113640.83,6,0,0,,,130,127,117,7,6,0,0
1,1194270090107764745,24.99,96,37512.44,4,12,12,,是,41,41,44,80,6,1,6
1,602136992081628154,99.99,215,2279.03,1,0,0,是,是,1,1,0,0,7,0,0
1,1194270090107764745,24.99,95,37989.5,4,12,12,,是,41,41,44,79,6,1,6
1,600276011312718184,1.72,319,2379.87,1,1,1,,,893,509,725,70,7,4,20
1,599053415015486521,298.93,1487,72127.74,18,24,24,,是,120,73,51,1,0,0,0
1,1194270090107764745,49.98,89,38851.22,4,12,12,,是,41,41,44,77,6,0,0
1,597717819089187827,54.36,1651,277856.34,55,0,0,,是,97,97,45,70,0,0,0
1,597717819089187827,20.33,1650,278137.62,55,0,0,,是,97,97,45,67,0,0,0
1,597717819089187827,131.53,1649,269143.33,53,0,0,,是,97,97,45,59,0,0,0
1,597558010490636985,103.32,1645,114424.69,54,0,0,,是,76,76,16,8,0,0,0
1,597558010490636985,8.47,1644,114458.9,54,0,0,,是,76,76,16,6,0,0,0
1,597558010490636985,237.7,1643,119142.05,55,0,0,,是,76,76,16,2,0,0,0
1,597558010490636985,23.62,1636,102137.63,47,0,0,,是,76,76,16,1,0,0,0
1,1194270090107764745,44.98,87,39703.58,4,12,12,,是,41,41,44,75,6,0,0
1,1194270090107764745,49.98,86,40678.91,4,12,12,,是,41,41,44,73,6,0,0
1,1194238976731328514,1041.48,91,20820.16,2,0,15,,是,30,28,30,0,6,0,0
1,1181203956102021122,56.5,219,7081.31,3,0,24,,,31,30,47,1,6,3,21
1,1176617765016911880,45.59,188,911.42,1,0,0,是,,1,1,2,1,6,3,36
1,1173941729506570247,899.86,150,81869.53,41,0,24,,,243,233,292,75,6,0,0
1,1173941729506570247,257.14,145,84090.35,40,0,24,,,240,230,292,74,6,0,0
1,1173941729506570247,197.39,144,87991.08,42,0,24,,,240,230,292,64,6,1,8
1,1173941729506570247,263.43,142,93162.7,45,0,24,,,239,229,291,56,6,1,8
1,1149006063974957056,157.93,97,13836.86,4,0,24,,是,109,64,86,7,6,0,0
1,597447132126641079,18.67,248,49837.42,25,0,24,,是,50,50,8,23,7,0,0
1,1149006063974957056,263.72,92,19069.51,6,0,24,,是,109,64,86,5,6,0,0
1,593957538991178686,4.76,60,5125.89,1,10,10,,,2,2,0,1,0,0,0
1,593569728887001068,71.42,1363,72163.85,7,24,24,,是,1569,788,905,168,7,0,0
1,1149006063974957056,208.21,91,23221.39,7,0,24,,是,109,64,86,4,6,0,0
1,1120078792870539265,136.24,286,92957.3,6,2,24,是,,62,24,45,12,6,0,0
1,1115972078814572553,530.96,250,10613.4,2,0,24,,,11,4,2,2,6,1,6
1,590947204495854868,119.64,1085,1708.54,2,24,24,,,10,6,2,2,0,0,0
1,1098970333584515074,300.3,110,21337.86,2,1,5,,,126,74,111,11,6,0,0
1,1076500258856333321,100.04,172,3300.73,3,15,15,,,186,22,21,15,6,0,0
1,588168450365448435,0.65,1120,69732.17,4,0,24,,,55,44,42,2,7,0,0
1,586950915867910798,166.64,293,55879.85,11,0,0,,,180,172,171,37,7,1,4
1,1051537435151785990,204.81,64,4094.65,1,0,0,,是,100,35,36,5,6,4,64
1,1034965891143401479,249.99,305,84457.95,7,0,0,,是,106,98,171,1,6,6,102
1,1032051491638034438,9.99,71,123834.7,4,0,11,,,411,342,422,92,6,1,21
1,586924435347717520,19.98,540,142997.36,22,0,24,,是,713,378,454,145,7,0,0
1,586924435347717520,9.98,538,142935.97,22,0,24,,是,713,378,454,143,7,0,0
1,586924435347717520,46.95,533,143438.79,23,0,24,,是,713,378,454,142,7,0,0
1,586924435347717520,54.96,532,144450.7,23,0,24,,是,713,378,454,137,7,0,0
1,584714995384454330,0.13,1367,3771.34,4,24,24,,,13,13,2,8,7,3,35
1,583799740603260121,156.65,1925,1096.13,3,0,0,是,是,3,3,0,0,7,0,0
1,1032051491638034438,99.98,66,107556.18,3,0,5,,,408,339,419,90,6,1,21
1,582728054793527206,9.99,46,3034.13,2,0,0,,,281,232,371,27,0,0,0
1,581780155462814961,24.99,74,36037.14,7,0,15,,,16,15,15,1,0,0,0
1,580830821896423518,0.42,1042,16924.82,2,24,24,,,56,36,36,0,0,0,0
1,1032051491638034438,495.24,64,108366.69,4,0,13,,,407,338,419,88,6,1,21
1,579316277986424514,51.19,58,1023.53,1,0.1,0.1,,,12,12,8,1,0,0,0
1,1030426372188622853,46.11,57,24239.41,6,0,0,,,49,41,118,7,6,1,20
1,1008052972107542535,103.01,610,8283.75,5,2,24,,,157,131,133,12,6,0,0
1,1006973165265453058,4.99,223,57431.55,5,0,1,,是,255,249,293,4,6,3,13
1,984583838157979648,50.43,494,15078.27,7,12,24,,,158,13,95,15,5,0,0
1,984023718365704201,215.6,797,4310.35,1,10,10,是,是,1,1,0,0,5,1,21
1,575361680114934396,54.99,171,7670.1,3,0,15,,,77,20,49,12,7,4,24
1,982570401848582146,23.81,414,82006.23,5,18,24,,,82,40,33,39,5,1,7
1,967395143986393093,24.99,72,7248.18,2,0,0,,,40,27,20,12,5,0,0
1,930500403408109573,0.42,974,37804.43,11,0,24,,是,22,21,14,5,5,0,0
1,917408269373231104,368.94,437,7375.57,3,24,24,,,125,9,15,1,5,0,0
1,912120858896445442,24.99,356,1902.66,2,24,24,,是,139,17,24,0,5,0,0
1,573852655099547296,84.79,1065,1695.34,2,23,23,,,10,8,2,4,7,2,28
1,572781629108755504,60.11,217,1201.55,1,24,24,,,8,8,9,5,7,0,0
1,906937410091175940,84.8,1065,1695.54,1,24,24,是,是,2,2,0,1,5,4,74
1,904725970299072513,84.9,1075,1697.45,2,0,0,是,是,2,2,0,0,5,3,48
1,900791512818728967,23.8,362,1361.15,1,24,24,,是,51,34,34,8,5,2,6
1,895778010525810693,120.09,1095,1715.04,1,24,24,是,是,1,1,0,0,5,1,21
1,867395987876835337,13.08,1127,371.76,1,24,24,,是,2,2,0,3,5,0,0
1,866720447054438409,3.27,1115,5848.04,2,24,24,,,15,9,7,2,5,5,91
1,866720447054438409,3.27,1113,5890.35,2,24,24,,,15,9,7,1,5,4,84
1,853598742681436164,35.54,1207,507.53,1,24,24,,,12,6,0,8,5,4,24
1,556072139856655845,7.14,1000,22265.85,3,0,0,,,95,55,37,32,0,0,0
1,851172430939373572,0.9,1052,64740.74,23,0,24,,,92,90,56,14,5,1,4
1,845308548928733191,34.99,722,18916.01,6,0,0,,,29,15,4,6,5,0,0
1,552596165594156328,1.21,1162,1876.33,2,24,24,是,是,2,2,0,8,7,5,83
1,839138714033549312,10.41,445,20798.27,22,0,24,,,42,42,24,2,5,0,0
1,818782371242258437,179.98,1087,2570.19,2,24,24,,是,6,6,4,0,5,4,75
1,814320561583771656,9.52,642,3702.76,1,0,0,,,29,19,16,59,5,0,0
1,552136489349907576,0.14,304,99970.37,11,0,1,,是,423,423,412,173,7,0,0
1,661524483773391200,4639.09,268,851699.51,9,0,0,,是,360,273,270,5,5,0,0
1,653184057865462250,7.01,1060,95142.88,6,0,0,,,525,305,233,268,5,4,22
1,653184057865462250,9.54,1044,94764.02,6,0,0,,,525,305,233,266,5,3,17
1,550417311830339855,79.86,914,4838.55,3,24,24,,是,4,4,1,0,0,0,0
1,549866585651645953,19.62,659,2822.11,2,0,0,,,44,44,128,84,7,1,42
1,648852573658602534,0.11,654,39526.52,15,0,24,,是,68,66,38,65,5,0,0
1,631265294180269266,378.65,1218,5407.34,1,9,9,,,100,64,81,3,5,2,33
1,629998952457954436,65.3,1378,932.57,1,20,20,是,是,1,1,1,0,5,3,21
1,547770965593671523,150.12,182,211755.98,9,0,15.4,,,60,47,45,3,7,1,12
1,629996297685820558,174.53,342,1220.94,1,0,0,,是,2,2,1,0,5,1,4
1,629651228059876949,559.99,1331,53023.02,5,18,24,,是,176,165,152,29,5,2,42
1,623613151025304841,14.84,509,4480.41,3,24,24,,是,20,20,17,5,5,0,0
1,621381153720747234,47.61,1073,13254.67,1,0,0,,,270,93,102,31,5,4,84
1,547388392711367132,0.14,799,68264.42,3,0,24,,,2417,2413,2620,251,0,0,0
1,617064831088176434,120.37,121,31162.4,13,0,0,,是,29,29,10,5,5,0,0
1,616054385190892498,74.99,618,2906.31,1,24,24,,,28,9,10,3,5,0,0
1,614146764985176736,162.15,338,14951.57,7,0,0,,是,11,11,1,6,5,0,0
1,614146764985176736,48.17,337,15278.73,7,0,0,,是,11,11,1,4,5,0,0
1,614146764985176736,10.91,336,11845.03,6,0,0,,是,11,11,1,3,5,0,0
1,611716351062810580,9.52,833,3335.47,5,0,24,,,33,29,11,48,5,0,0
1,547040624151090035,504.21,46,91388.28,6,0,15.4,,,215,171,185,3,0,0,0
1,546676221580934855,999.98,140,497743.96,3,15,24,,,433,224,285,71,7,7,115
1,546091130647471389,1.24,1284,4034.22,5,0,24,,是,15,12,7,0,0,0,0
1,545653757891544294,193.58,1576,83363.22,7,0,24,,是,27,26,24,3,7,1,21
1,597500271945030998,730.95,203,237371.25,36,0,0.5,,是,140,140,99,46,5,0,0
1,545172234960615635,0.03,934,33296.85,9,24,24,,,122,82,75,1,7,0,0
1,543538579121097918,238.09,260,15533.42,1,12,12,,是,64,64,72,3,7,6,41
1,597500271945030998,198.86,202,239949.58,38,0,0.5,,是,140,140,99,40,5,0,0
1,597500271945030998,119.93,201,241191.35,38,0,0.5,,是,140,140,99,35,5,0,0
1,597500271945030998,11.91,198,238963.11,37,0,0.5,,是,140,140,99,32,5,0,0
1,542422052233780056,77.68,73,1553.14,1,15,15,,,18,16,17,7,0,0,0
1,597500271945030998,33.37,195,162213.17,33,0,0.5,,是,140,140,99,30,5,0,0
1,597500271945030998,44.07,188,94015.65,24,0,0.5,,是,140,140,99,25,5,0,0
1,597077449519100665,141.53,1552,2829.89,2,23,23,,是,4,4,3,0,5,3,28
1,592864703609034905,500.21,342,9688.89,1,0,0,,是,68,51,47,2,5,0,0
1,591708947887151837,2.38,1610,340222.98,36,0,24,,是,664,328,368,110,5,0,0
1,591708947887151837,76.19,1606,341302.71,36,0,24,,是,664,328,368,109,5,0,0
1,586924435347717520,19.99,551,142964.61,22,0,24,,是,713,378,454,150,5,0,0
1,586924435347717520,14.99,547,142918.12,22,0,24,,是,713,378,454,148,5,0,0
1,580340047402720083,1026.88,815,23603.41,2,8,24,,,122,113,131,6,5,0,0
1,539059725799240035,93.48,501,46023.37,27,0,24,,,4523,4061,6615,247,7,0,0
1,539059725799240035,47.01,499,46896.23,28,0,24,,,4523,4061,6615,245,7,0,0
1,539059725799240035,2.47,498,46922.9,29,0,24,,,4523,4061,6612,244,7,0,0
1,537992285621952116,256.61,64,5130.2,1,0,0,,是,5,5,5,1,7,0,0
1,574630282572179697,45.71,393,4335.96,1,0,0,,,313,200,210,221,5,0,0
1,573952757430223180,17.22,594,372138.11,138,0,24,,,2480,2394,3104,82,5,2,29
1,573952757430223180,54.19,592,372867.5,138,0,24,,,2480,2394,3104,81,5,1,21
1,571256511292742168,0.86,1199,159254.83,8,12,24,,,1151,857,1121,231,5,0,0
1,567662116811284482,25,1438,34549.05,6,0,24,,是,269,259,199,32,5,4,84
1,562528684928767670,105.8,614,2115.04,1,12,12,,,5,5,2,2,5,4,53
1,556232393275207049,125.02,1645,3252.48,1,1,1,是,是,1,1,0,2,5,5,105
1,552136489349907576,1.08,320,99868.38,11,0,1,,是,423,423,412,222,5,0,0
1,552136489349907576,135.47,319,100760.78,11,0,1,,是,423,423,412,197,5,0,0
1,552136489349907576,4.65,318,100737.71,11,0,1,,是,423,423,412,179,5,0,0
1,550654932927886127,0.08,424,25141.41,3,0,24,,,571,228,196,118,5,0,0
1,549493526861975028,0.48,364,6496.19,1,24,24,,,1173,508,789,60,5,3,29
1,547176433575524595,25.99,1727,531.52,1,23,23,,是,2,2,0,14,5,0,0
1,545552127212913071,0.58,904,3210.38,5,24,24,,,184,183,205,164,5,2,13
1,541700547325709542,181.05,1757,1266.9,2,0,0,是,是,2,2,0,0,5,3,24
1,539391870019272383,96.29,435,1924.99,1,2,2,,是,23,22,21,3,5,0,0
1,539059725799240035,16.99,514,37906.75,22,0,24,,,4523,4061,6617,257,5,0,0
1,539059725799240035,68.49,509,39184.51,22,0,24,,,4523,4061,6616,255,5,0,0
1,539059725799240035,54.57,504,40179.65,23,0,24,,,4523,4061,6616,254,5,0,0
1,537639645247542866,0.04,552,3770591.92,315,0,24,,,8942,8218,9057,61,5,1,4
1,536939730972282903,24.99,578,23388.02,6,24,24,,,713,509,862,84,5,0,0
1,536865180993150184,149.99,1443,44834.35,7,24,24,,,236,204,181,164,5,1,11
1,533801679378666116,103.48,1484,254994.86,19,0,24,,是,169,73,76,18,5,0,0
1,525256487296869805,3.13,1837,1299.91,2,20,20,是,是,2,2,0,0,5,0,0
1,524913862278889255,15.23,374,3548.23,1,24,24,,,335,102,178,22,5,0,0
1,524683667818975596,0.07,486,228573.19,34,18,24,,是,223,218,251,17,5,0,0
1,523921442665495746,208.88,561,73874.31,7,0,15,,,272,117,104,25,5,0,0
1,532220850465243765,70.27,125,1404.55,1,0,0,,,68,57,54,2,7,0,0
1,531549538273032753,656.97,736,41820.9,4,2,24,,,1699,1630,1561,418,7,0,0
1,522747121855413390,0.42,989,2472.18,2,24,24,,,140,120,73,21,5,2,16
1,531246312474639038,159.88,134,26838.98,4,0,24,,,792,345,908,158,7,2,13
1,531246312474639038,249.99,131,31788.03,4,0,24,,,792,345,908,157,7,4,40
1,530469502808419346,9.99,46,5495.19,2,0,10,是,,6,3,1,16,0,0,0
1,520353437956087654,4.76,445,41857.72,4,24,24,,是,30,20,20,4,5,0,0
1,529413053013482517,50.96,60,39078.23,5,0,15,,,569,424,420,38,0,0,0
1,528671106979707283,49.99,127,38640.42,4,0,10,,,385,322,316,76,7,4,34
1,528671106979707283,105.86,126,40732.48,5,0,10,,,385,322,316,75,7,3,21
1,528285517658819718,225.28,54,10122.64,3,0,0,,,65,37,51,7,0,0,0
1,518006357086546666,43.07,1498,861.18,1,24,24,,是,7,7,0,7,5,2,24
1,526762888443352738,9.52,904,19317.46,4,24,24,,,213,192,234,12,7,6,81
1,517390965733225592,0.62,1319,10568.34,6,20,24,,,630,466,616,88,5,0,0
1,526355482357964772,2.51,1711,1909.32,1,24,24,,是,94,94,21,189,7,5,30
1,516653382209035682,0.19,357,44911.96,36,24,24,,,6138,6132,6111,10,5,0,0
1,525956991547341373,47.61,494,25695.65,3,24,24,,,145,60,73,18,7,0,0
1,525754732380983945,75.03,56,515.89,1,0,0,,,154,66,131,9,0,0,0
1,525754732380983945,75.09,53,515.26,1,0,0,,,153,65,131,8,0,0,0
1,513498701013955706,14.08,571,44497.63,3,0,0,,,122,106,119,19,5,4,67
1,509081643954192504,476.81,1352,9532.96,1,0,0,,,135,87,115,11,5,0,0
1,524869293889604951,1.51,2090,3944.15,7,24,24,,是,32,32,12,180,7,0,0
1,505395921627897843,0.5,1750,1736.44,2,0,0,,是,3,3,2,0,5,5,96
1,504771251283355586,129.73,1369,1852.83,2,24,24,,,11,11,2,14,5,2,42
1,504372392060615960,299.99,1629,108192.32,7,24,24,,是,52,52,37,52,5,0,0
1,502401378062364249,0.3,1230,5672.87,5,0,24,,,510,510,523,5,5,0,0
1,501625178561907846,1.88,1864,3189.28,4,0,0,,是,8,8,5,11,5,0,0
1,524180487477916661,9.53,440,617.57,1,24,24,,,55,51,190,54,7,2,14
1,500856748006952290,29.64,1630,593.04,3,0,0,,是,6,6,0,3,5,1,21
1,500464961970610793,2.38,1067,251359.39,10,0,0,,,487,347,345,17,5,2,25
1,499552836267431236,310.47,1798,2172.47,2,24,24,是,是,2,2,0,1,5,1,18
1,499192001841877596,49.51,1859,167004.9,318,24,24,,是,212,212,110,320,5,5,117
1,522893029792338105,40.08,55,2916.49,2,0,0,,,8,5,8,18,0,0,0
1,522893029792338105,2.38,51,2159.13,1,0,0,,,8,5,8,17,0,0,0
1,522893029792338105,2.38,47,2203.04,1,0,0,,,8,5,6,16,0,0,0
1,522826206593984526,16.66,286,116.57,1,0,0,,是,16,16,4,14,7,1,7
1,498869842649155490,1.66,56,553976.8,35,0,0,,是,55,55,23,33,5,2,24
1,497809543217159050,40.28,2145,1156.61,1,24,24,,是,3,3,1,5,5,3,27
1,522129630934597570,258.13,62,120195.15,9,2,15,,,249,229,317,83,0,0,0
1,522129630934597570,769.99,62,115466.88,8,2,15,,,250,230,319,84,0,0,0
1,522129630934597570,811.6,62,124115.2,9,1,15,,,250,230,319,85,0,0,0
1,522119152035853836,57.06,86,2180.02,2,10,15,,,460,294,577,99,0,0,0
1,522119152035853836,57.04,85,3319.23,2,10,15,,,460,294,577,97,0,0,0
1,522119152035853836,4.19,84,3401.42,2,10,15,,,460,294,577,96,0,0,0
1,522001154244064220,14.29,196,2398.01,5,24,24,,,1960,1958,1931,14,7,2,20
1,521649702061256361,22.22,554,444.25,1,24,24,,,114,23,18,11,7,3,45
1,497557337226100962,208.17,1464,4162.18,2,0,0,是,是,2,2,0,0,5,1,3
1,497168343053298393,142.84,354,30017.05,16,24,24,,,471,194,218,260,5,1,3
1,521384280158164826,47.62,89,2045.33,1,20,20,,是,34,23,38,7,0,0,0
1,520909451793780901,9.99,70,2178.09,1,0,0,,是,11,4,14,2,0,0,0
1,496593134663248453,1.29,708,163.96,1,24,24,,是,23,23,6,27,5,5,76
1,496439855656540577,228.44,1930,1598.51,1,12,12,,是,3,3,0,2,5,0,0
1,496330549170819167,273.87,56,3418.09,10,0,0,,是,277,267,258,13,5,1,21
1,496296790191118154,69.31,1508,1385.79,2,0,0,,是,24,24,15,14,5,0,0
1,496296530836200843,6.38,1245,5888.02,3,24,24,,,62,59,82,189,5,0,0
1,480816842084986880,168.77,2123,1180.94,2,24,24,是,是,2,2,0,0,5,2,20
1,1291624265291923460,49.99,68,6499.57,1,12,12,,是,7,7,51,4,5,0,0
1,1194958541798977536,0.96,190,16853.68,1,0,0,,是,6,6,5,0,5,4,78
1,519179393429186610,24.99,140,2769.59,1,0,0,,是,17,7,15,4,7,2,28
1,1194306827244748808,14.99,72,6120.25,2,0,0,,,126,125,208,10,5,5,38
1,518848194106148945,262.27,1792,92325.8,18,0,0,是,是,23,23,1,25,0,0,0
1,518848194106148945,101.26,1791,92974.51,18,0,0,是,是,23,23,1,24,0,0,0
1,518848194106148945,223.24,1790,94476.96,18,0,0,是,是,23,23,1,22,0,0,0
1,518848194106148945,29.14,1787,94500.76,18,0,0,是,是,23,23,1,21,0,0,0
1,518848194106148945,175.7,1784,72066.54,14,0,0,是,是,23,23,1,15,0,0,0
1,518848194106148945,141.31,1783,73010.74,14,0,0,是,是,23,23,1,5,0,0,0
1,518848194106148945,0.95,1777,65763.35,10,0,0,是,是,23,23,1,4,0,0,0
1,1194306827244748808,19.99,66,4004.96,1,0,0,,,126,125,208,9,5,5,22
1,1190649231866544128,1036.63,237,21586.05,2,0,0,,是,10,9,17,0,5,2,42
1,11859593,9.99,829,164693.35,19,24,24,,,940,537,674,114,5,0,0
1,518377969950710656,11.36,1732,158.02,4,24,24,,是,133,130,125,87,7,0,0
1,518293745688156305,0.13,1159,1756.64,2,24,24,是,是,2,2,0,0,0,0,0
1,518055499427683989,9.57,52,6319.97,2,24,24,,,27,8,22,15,0,0,0
1,1156647642692796423,69.99,99,32643.94,8,0,0,,,202,197,171,96,5,2,42
1,1123277510847447046,39.99,384,5632.97,2,0,0,,,13,7,7,0,5,4,58
1,1099306977873321992,253.01,404,5057.57,1,1,1,,,58,58,62,7,5,2,33
1,1063808898013560837,5.72,369,5852.02,1,24,24,,,7,7,7,17,5,0,0
1,1032281077206433793,51.54,57,1030.45,1,0,0,是,是,1,1,0,1,5,0,0
1,1032051491638034438,144.98,54,112007.84,3,0,5,,,396,327,406,82,5,1,21
1,1010352224917737479,82.1,141,8085.03,3,0,15,,,48,35,40,16,5,0,0
1,1008052972107542535,206.1,613,6232.37,4,2,24,,,157,131,133,13,5,0,0
1,516340913355813424,11.52,145,3205.65,1,0,0,,,620,367,652,256,7,0,0
1,969073284823875588,49.99,52,16657.42,2,0,0,,,177,165,181,2,4,0,0
1,515198844280605407,49.99,1486,32950.93,10,0,24,,是,155,135,156,46,7,2,9
1,857320423426048004,6.94,98,35970.01,5,0,11,,,225,49,76,6,4,1,6
1,816292414342774784,131.05,741,22184.75,6,0,24,,,52,25,97,11,4,0,0
1,514491779489404450,11.66,1366,34659.35,15,1,24,,,188,93,94,38,0,0,0
1,513761986834566001,59.28,2049,66462.44,1,24,24,,是,25,25,16,50,7,0,0
1,513660344171536282,180.28,72,26761.68,10,0,15,,,431,109,240,12,0,0,0
1,792860998523371527,9.53,902,2200.58,1,12,12,,是,18,4,2,10,4,3,48
1,512720704095876794,47.61,88,951.72,1,5,5,,是,4,4,4,0,7,0,0
1,512460304402050799,67.74,2107,474.04,1,24,24,是,是,1,1,0,0,7,5,70
1,747537466680093938,1.04,1065,6687.66,2,24,24,,是,20,14,12,10,4,3,21
1,729971224083640163,39.03,1250,5677.93,5,0,24,,是,86,45,37,3,4,1,7
1,660936858834402676,12.15,1751,85.02,2,24,24,是,是,2,2,0,0,4,4,61
1,511234030567205284,99.99,100,31323.14,2,0,0,,,63,41,42,15,7,0,0
1,510896951030867544,0.17,1339,11887.78,10,0,24,,是,60,43,37,37,7,0,0
1,510393449466260663,85.07,99,22725.64,6,0,24,,,376,250,244,12,7,5,105
1,510180541956324610,17.37,1359,329.41,1,0.1,0.1,,是,2,2,0,0,7,0,0
1,510168331045529390,19.84,651,138.82,1,0,0,是,是,1,1,0,0,7,1,9
1,654600604706101979,10.04,1675,200.9,1,24,24,,是,5,5,1,5,4,3,45
1,509061147425928683,387.49,326,50031.46,1,0,0,,,3,3,5,5,7,2,9
1,616675274098316680,5.47,1297,3712.91,2,24,24,,,129,33,15,87,4,0,0
1,508790771643366639,124.79,1795,876.02,3,20,24,,是,8,8,9,0,7,6,69
1,616675274098316680,14.8,1294,3920.4,3,24,24,,,129,33,15,83,4,1,3
1,598687862933410605,41.45,1752,290,4,0,0,是,是,4,4,0,0,4,2,39
1,597500271945030998,20.24,186,94299.33,24,0,0.5,,是,140,140,99,24,4,0,0
1,506569747862026629,10.51,1794,73.55,1,0,0,是,,1,1,0,1,7,5,105
1,597500271945030998,4.08,184,44259.42,21,0,0.5,,是,140,140,99,23,4,0,0
1,577255297899013539,9.51,118,73.89,4,7.7,8,,是,53,53,47,0,4,1,17
1,574630282572179697,44.04,399,3435.7,1,0,0,,,313,200,210,222,4,0,0
1,505815590507424883,9.52,570,12058.75,5,20,24,,,73,56,109,80,7,0,0
1,547850847040303040,128.04,120,11381.53,1,1,1,是,是,2,2,27,0,4,0,0
1,547176433575524595,50.07,1729,350.23,1,23,23,,是,2,2,0,15,4,0,0
1,542726371063601090,0.06,1105,1721.53,2,24,24,是,是,2,2,0,0,4,2,14
1,505180865287727410,125.01,1848,1513.74,1,0,0,,是,4,4,1,3,7,2,35
1,542014610685533442,49.99,650,12954.7,2,0,0,,,98,11,5,7,4,0,0
1,537562333332220905,0.34,1419,12108.53,7,24,24,,是,8,8,0,315,4,0,0
1,537562333332220905,0.97,1418,12122.55,7,24,24,,是,8,8,0,313,4,0,0
1,537562333332220905,0.6,1416,12118.54,7,24,24,,是,8,8,0,311,4,0,0
1,504757554871309892,25.3,59,10244.58,5,1,15,,,22,22,17,3,0,0,0
1,537562333332220905,0.19,1414,12123.99,7,24,24,,是,8,8,0,309,4,0,0
1,535237604231463974,233.74,1053,4675.26,3,24,24,,,23,23,8,8,4,2,6
1,504354187841939547,48.34,129,1082.55,1,0,0,,是,139,139,65,7,7,2,42
1,504354187841939547,5.82,129,116.47,1,0,0,,是,139,139,65,8,7,2,42
1,526877034388691499,0.09,1386,1313.21,2,24,24,,是,43,43,20,250,4,0,0
1,504008862635290190,77.56,844,1551.23,1,24,24,,是,11,11,10,0,7,0,0
1,503977134760594714,58.34,87,1166.18,1,0,0,,,419,155,199,38,7,7,57
1,524606944222112487,111.75,970,130529.82,50,0,24,,,2111,647,658,103,4,0,0
1,503234000304722951,39.99,85,6941.69,5,0,15,,,292,269,176,175,7,0,0
1,524606944222112487,32.53,968,131084.88,52,0,24,,,2111,647,658,100,4,0,0
1,523227969549957050,74.97,53,27657.25,3,0,0,,,82,81,123,21,4,0,0
1,520281995134530365,166.74,53,43981.3,4,0,0,,是,115,101,430,7,4,2,23
1,520281995134530365,550.24,52,20130.94,1,0,0,,是,111,97,428,5,4,2,23
1,519827214696446375,70.55,1573,1410.62,2,24,24,是,是,2,2,0,0,4,2,31
1,514778416085667699,9.52,580,2436.43,1,12,12,,是,2,2,0,18,4,3,20
1,514745607718858379,14.99,1399,26045.33,2,15,24,,,57,29,29,11,4,0,0
1,506226214156881442,244.26,1130,3488.19,1,24,24,,是,10,10,9,0,4,2,25
1,501755749556282174,1500.63,77,10315.75,1,0,0,,,434,429,444,2,0,0,0
1,503932798382997874,38.49,581,131010.31,37,0.3,24,,,2141,1392,1843,69,4,1,17
1,502589382164319520,84.83,1065,1696.2,2,24,24,是,是,2,2,0,0,4,0,0
1,498869842649155490,68.68,52,552388.28,34,0,0,,是,55,55,23,27,4,1,16
1,501625178561907846,1.26,1858,3206.25,4,0,0,,是,8,8,5,9,7,1,21
1,501625178561907846,3.76,1854,3227.69,4,0,0,,是,8,8,5,8,7,1,21
1,501625178561907846,4.13,1852,3254.64,4,0,0,,是,8,8,5,6,7,1,21
1,501625178561907846,0.76,1850,3257.96,4,0,0,,是,8,8,5,5,7,1,21
1,498060207855774019,156.23,385,62295.23,19,24,24,,,496,471,654,56,4,0,0
1,496421054886000508,349,1857,3299.51,2,0,24,,是,3,3,2,0,4,1,21
1,495916050658076257,49.99,758,58391.9,4,0,12,,,175,152,143,21,4,0,0
1,1304646928255942659,14.26,52,20529.91,2,0,0,,是,3,3,1,24,4,2,33
1,1293503712915881985,7.13,54,18016.73,1,0,0,,是,4,4,5,19,4,1,14
1,500699599197106129,4391.9,434,87805.26,1,24,24,,是,77,40,59,2,7,2,12
1,1270067669680259072,244.02,130,4877.6,1,0,0,,是,2,2,1,0,4,2,14
1,1183787061522415616,319.89,100,6394,2,15,15,,是,9,8,7,0,4,0,0
1,500440553948090596,40.21,479,14664.21,2,15,24,,,201,193,207,5,7,6,57
1,500440553948090596,39.99,478,15456.6,2,15,24,,,201,193,207,4,7,6,57
1,500330296151921293,52.38,91,1047.1,1,0,0,,是,5,5,3,4,0,0,0
1,500330296151921293,49.99,87,2043.75,1,0,0,,是,5,5,3,3,0,0,0
1,1179342181576421378,0.48,143,2690.78,1,0,0,是,是,1,1,0,4,4,0,0
1,1155951851737137154,69.98,53,79739.29,2,0,0,,,96,94,97,11,4,4,84
1,1135532290437234692,152.33,98,4095.49,2,0,15,,,97,46,49,4,4,2,19
1,499294056510289817,25.15,603,6083.57,2,0,0,,,327,245,262,98,7,1,5
1,1047975538452283397,0.84,609,2677.05,1,1,1,,,46,7,3,18,4,1,21
1,498972725344381520,211.95,1065,4237.62,3,24,24,是,是,3,3,0,0,0,0,0
1,946782393249775617,120.96,933,2418.29,1,24,24,,是,3,3,2,0,3,3,60
1,857320423426048004,6.94,96,36076.17,5,0,11,,,225,49,76,5,3,1,6
1,857320423426048004,6.94,95,36198.66,5,0,11,,,225,49,76,4,3,1,6
1,750637086079657317,675.67,52,58907.63,3,0,3,,,469,442,454,12,3,0,0
1,614154958432216385,34.99,475,33125.5,8,1,24,,,207,112,287,11,3,0,0
1,612200620650522702,38.07,1068,761.2,1,24,24,,,26,10,7,3,3,3,63
1,589625249964521224,4.76,469,6997.78,2,24,24,,,1023,194,170,231,3,0,0
1,554993277346777797,96.95,372,1938.1,1,0,0,,是,2,2,4,22,3,0,0
1,547314089751996454,0.32,1113,12100.12,9,5,19,,,60,29,7,14,3,1,21
1,542844556479797143,1.32,1003,2855.92,3,24,24,,,87,12,5,12,3,3,63
1,498859563265711777,23.77,53,14681.64,2,0,0,,是,6,6,5,4,0,0,0
1,537562333332220905,0.12,1430,12122.23,7,24,24,,是,8,8,0,327,3,1,13
1,537562333332220905,0.41,1429,12123.97,7,24,24,,是,8,8,0,325,3,0,0
1,537562333332220905,0.45,1427,12122.05,7,24,24,,是,8,8,0,323,3,0,0
1,498810658134077903,7.14,1480,318314.44,52,0,24,,是,1792,1563,1659,46,0,0,0
1,537562333332220905,0.16,1426,12120.2,7,24,24,,是,8,8,0,322,3,0,0
1,537562333332220905,0.17,1423,12113.08,7,24,24,,是,8,8,0,320,3,0,0
1,498506286741240801,716.5,1992,5012.47,1,24,24,,是,30,30,7,40,7,1,21
1,537562333332220905,0.07,1422,12109.88,7,24,24,,是,8,8,0,319,3,0,0
1,498147197502643192,279.19,580,5581.41,2,1,2,,是,6,5,3,0,0,0,0
1,537562333332220905,0.07,1421,12106.73,7,24,24,,是,8,8,0,318,3,0,0
1,498119350209818521,40.14,456,254162.51,334,0,24,,,633,598,181,119,7,5,61
1,498119350209818521,158.17,454,254168.56,334,0,24,,,631,596,179,114,7,6,79
1,498097501006644057,30.76,1922,215.2,1,0,0,是,是,1,1,0,0,7,1,19
1,537562333332220905,0.36,1420,12107.75,7,24,24,,是,8,8,0,317,3,0,0
1,497900922400207531,27.68,98,553.32,1,15,15,,,24,22,17,7,7,1,6
1,537562333332220905,0.78,1415,12125.46,7,24,24,,是,8,8,0,310,3,0,0
1,537562333332220905,0.91,1413,12132.97,7,24,24,,是,8,8,0,307,3,0,0
1,497734695300289682,255.88,59,10235.2,2,0,0,,是,11,11,9,0,0,0,0
1,537562333332220905,0.19,1412,12131.45,7,24,24,,是,8,8,0,306,3,0,0
1,537562333332220905,5.5,1411,12205.93,7,24,24,,是,8,8,0,305,3,0,0
1,497704168576951499,0.95,579,39133.36,20,0,1,,,1002,512,727,364,7,4,41
1,532875111085073664,44.99,160,2485.19,1,24,24,是,是,1,1,2,0,3,2,41
1,526407998181372485,0.25,2079,2024.2,7,0,24,是,是,7,7,0,0,3,0,0
1,522242933208060810,176.39,269,3525.99,1,0,0,,是,2,2,1,0,3,0,0
1,497187442118439337,72.27,56,2774.84,2,10,15,,,47,47,31,30,0,0,0
1,497187442118439337,10.35,55,2980.5,2,10,15,,,47,47,31,29,0,0,0
1,511933225561079519,43.41,133,1440.82,3,0,4,,是,27,26,7,16,3,0,0
1,507164766398888483,197.08,468,3939.7,1,24,24,,是,9,4,3,0,3,0,0
1,497108068794901474,12.38,78,8121.07,2,0,24,是,是,2,2,2,9,0,0,0
1,500761333098281125,0.97,1962,144814.19,22,0,24,,是,116,116,65,74,3,3,98
1,498869842649155490,123.86,50,553183.03,34,0,0,,是,55,55,23,25,3,0,0
1,1288585193610805248,24.99,51,19376.38,3,0,15,,是,18,17,17,0,3,3,63
1,496772733137340850,38.1,110,2261.8,1,0,0,,,317,265,225,49,7,3,18
1,1278958896429400065,191.85,51,1418.85,1,1,1,,是,56,52,91,6,3,0,0
1,1063808898013560837,3.53,353,5863.77,1,24,24,,,7,7,7,16,3,0,0
1,1047975538452283397,0.48,590,2661.67,1,1,1,,,46,7,3,17,3,1,13
1,985949650357796872,262.03,97,14861.84,2,2,3,,,151,112,123,12,2,0,0
1,939458592413548546,2.49,931,4132.32,1,24,24,是,是,2,2,0,11,2,0,0
1,917174921262477316,83.61,1020,1672.2,1,24,24,是,是,2,1,0,0,2,0,0
1,885930012069285892,120.82,1118,1725.56,2,1,1,是,是,2,2,0,0,2,1,20
1,857320423426048004,6.94,94,32712.14,4,0,1,,,225,49,76,3,2,1,6
1,820309795381653507,129.83,1308,1854.15,2,24,24,是,是,2,2,0,0,2,0,0
1,788438739385790464,24.99,93,38496.76,5,0,15.4,,,1044,167,127,66,2,0,0
1,731889177209282955,373.89,872,7474.82,1,24,24,,,139,80,87,7,2,0,0
1,658856736409107786,354.04,1170,37174.1,8,24,24,,,64,59,40,2,2,0,0
1,608340603518176379,55.83,49,13736.81,4,0,0,是,是,7,7,0,8,2,0,0
1,496309490086505217,54.34,118,96437.53,35,15,24,,是,18344,18125,18199,13,7,0,0
1,605413856694498764,201.41,515,4026.38,1,24,24,,是,3,3,4,0,2,1,8
1,604270593241893312,60.71,1149,867.04,1,0,0,,是,3,3,0,2,2,0,0
1,601373307280816333,2.49,49,16816.13,4,0,12,,,171,128,104,86,2,0,0
1,582728054793527206,9.99,51,2840.16,2,0,0,,,284,235,374,28,2,0,0
1,577072865757341109,783.94,49,147600.02,19,0,0,,是,28,28,4,3,2,2,28
1,567662116811284482,24.99,1431,34957.98,6,0,24,,是,269,259,199,31,2,2,42
1,567662116811284482,99.99,1430,36944.97,6,0,24,,是,269,259,199,30,2,2,42
1,556539395159356768,2202.71,1955,15413.46,7,24,24,,是,27,27,23,0,2,0,0
1,494389856856718571,91.53,742,24342.08,3,14,24,,,190,102,97,30,0,0,0
1,494361486861293578,475.71,166,55626.76,15,0,24,,是,16,16,2,7,7,0,0
1,547096026205106508,151.38,1210,2161.86,2,24,24,,,38,9,5,2,2,0,0
1,542844556479797143,24.86,1002,3351.95,4,24,24,,,87,12,5,11,2,2,42
1,481478152019783680,35.25,1823,1641835.81,70,1,24,,是,127,127,61,13,0,0,0
1,537562333332220905,0.21,1424,12114.81,7,24,24,,是,8,8,0,321,2,0,0
1,465827477311197184,11.85,1564,171809.9,18,15,20,,是,1286,1269,1456,111,0,0,0
1,524561578222993905,13.63,47,26482.12,19,0,0,,是,33,33,7,7,2,0,0
1,523205584180412515,149.99,142,68891.55,1,24,24,是,是,1,1,0,6,2,0,0
1,520281995134530365,500.25,49,20105.98,1,0,0,,是,104,94,410,2,2,1,12
1,517414757663445444,13.07,1156,2276.18,3,24,24,是,是,3,3,0,0,2,2,42
1,1302003702369878020,101.97,48,2038.64,1,0,0,,是,2,2,1,0,0,0,0
1,1296376444808593410,583.37,46,11662.72,1,15,15,,,3,3,10,1,0,0,0
1,1296064140623740928,0.99,74,843.58,1,0,0,是,是,1,1,1,4,0,0,0
1,515261595292725472,0.49,863,30516.61,11,12,24,,是,44,43,32,6,2,2,9
1,504760080286710067,634.19,1713,4437.58,3,0,24,,是,9,9,0,8,2,1,21
1,1291857890105098240,59.99,74,13365.82,3,0,0,,是,21,21,18,0,0,0,0
1,504709737478297257,0.08,1856,438639.89,2,24,24,,是,5,5,1,0,2,0,0
1,500003906152193898,0.26,2039,6602.52,5,2,24,,是,15,15,12,2,2,1,21
1,1287641984567083008,127.33,60,2545.84,4,1,2,是,是,5,5,2,0,0,0,0
1,1286414839261954048,76.13,48,1521.67,1,15.4,15.4,是,是,1,1,3,0,0,0,0
1,498869842649155490,667.84,48,560632.06,34,0,0,,是,55,55,23,23,2,0,0
1,497208166501598054,654.66,679,13087.81,3,24,24,,,154,77,43,34,2,2,42
1,1281721140087095296,102.64,60,2091.06,2,10,15.4,,是,4,4,2,1,0,0,0
1,1281721140087095296,74.99,59,3589.59,2,10,15.4,,是,4,4,2,0,0,0,0
1,496838843736011404,182.86,349,83336.43,17,0,24,,,304,195,187,33,2,0,0
1,496589172316990450,877.62,1387,325945.3,26,0,0,,,78,78,57,53,2,0,0
1,1278774453219622912,14.26,80,6248.83,3,12,15.4,,,15,12,13,2,0,0,0
1,1277831179684282369,14.99,59,9608.41,1,14,14,是,,1,1,0,1,7,0,0
1,496589172316990450,195.67,1387,319975.85,26,0,0,,,78,78,57,55,2,0,0
1,496470434481444253,525.22,614,28041.68,2,0,0,,,194,85,116,7,2,0,0
1,1306839908425400325,9.51,48,7037.1,2,0,0,是,是,2,2,1,4,2,0,0
1,1268931483729395713,149.99,117,25894.4,3,20,20,,是,37,35,61,0,7,0,0
1,1267470219488526337,199.99,106,12820.56,1,0,0,,,7,4,3,1,7,6,86
1,1304646928255942659,14.26,49,20789.43,2,0,0,,是,3,3,1,23,2,1,20
1,1265284914358517761,24.99,75,45542.89,3,0,0,,是,15,13,9,5,0,0,0
1,1264068205958135809,204.44,48,8170.39,2,10,15,,,45,41,62,18,2,0,0
1,1192773091147591686,0.48,158,7017.79,1,0,0,,是,7,6,5,9,2,1,4
1,1166046043062611971,178.46,290,3567.36,1,0,0,是,是,1,1,0,0,2,0,0
1,1056899997984833538,71.3,655,54206.88,1,10,10,是,是,1,1,0,20,2,0,0
1,1262235917075087363,153.08,50,6397.29,4,0,0,,,16,14,17,4,0,0,0
1,1257853045153202176,99.99,77,6373.17,1,1,1,,是,44,44,236,1,0,0,0
1,1254518569983541248,505.26,62,40860.04,2,0,0,,,23,8,5,3,0,0,0
1,1249751585647493120,74.99,49,11282.83,1,0,0,是,是,2,1,0,3,0,0,0
1,1249751585647493120,49.99,46,12263.42,1,0,0,是,是,2,1,0,2,0,0,0
1,1249118730940579840,111.41,94,4332.35,2,0,1,,,9,6,4,2,7,0,0
1,1215594900804812805,4.76,143,869.08,1,0,0,,是,2,2,1,10,7,4,43
1,1019625283335966721,0.09,602,145677.7,32,18,24,,,375,294,307,26,2,0,0
1,1208038898622476289,199,133,98752.47,16,0,24,是,是,33,33,35,1,0,0,0
1,1207369445022842885,88.88,69,26581.34,4,0,2,,是,57,57,67,3,0,0,0
1,1205867838166740994,23.77,228,3843.71,1,0,0,,是,2,2,1,5,7,2,37
1,1203086241105391619,1138.79,70,22763.24,16,6,24,是,,16,16,27,14,0,0,0
1,1202304678713311238,1341.4,75,26817.17,1,0,0,,,24,4,9,7,7,1,21
1,1201920968113467396,258.46,80,5167.32,2,0,15,,,16,10,9,5,0,0,0
1,1200794438893256709,1757.64,78,132761.12,3,0,15,,,90,90,137,23,7,5,19
1,913820647459618825,0.04,1006,2148.36,2,24,24,,是,5,5,3,1,1,0,0
1,913820647459618825,0.04,1005,2148.48,2,24,24,,是,5,5,3,0,1,0,0
1,907385066915573768,9.99,910,1490.97,1,0,0,,,5,5,3,2,1,0,0
1,889231538510577666,19.26,46,385.19,1,15.4,15.4,,,105,70,20,82,1,1,8
1,1197180004916473858,125.7,167,30224.02,2,0,1,,,56,39,52,7,7,0,0
1,1196909922357297156,7.49,51,9696.34,4,0,15,,,111,70,246,9,0,0,0
1,1196538028252676098,120.6,49,26235.74,3,0,15,,,46,41,44,5,0,0,0
1,863129455898353672,0.42,1047,17884.97,10,0,24,,,171,40,31,3,1,1,3
1,845176590001197056,494.58,1163,7062.84,2,24,24,,是,10,10,7,2,1,1,16
1,835112036756062215,121.34,935,2426.14,2,24,24,,,35,19,15,2,1,1,21
1,821386650046124038,337.74,1050,6755.09,4,7,7,,,99,51,40,8,1,1,16
1,798323902974480392,0.87,957,1585.12,1,12,12,是,是,1,1,0,2,1,0,0
1,721697706657019996,91.51,46,1829.53,1,1,1,,,14,11,7,4,1,0,0
1,693620560286159347,317.89,408,8889.18,2,24,24,,,170,39,30,14,1,1,17
1,677466159385371135,370.49,733,7410.08,3,24,24,是,是,3,3,0,0,1,1,21
1,1194270090107764745,39.98,82,41379.79,4,12,12,,是,41,41,44,71,7,0,0
1,1194270090107764745,54.98,79,42403.86,4,12,12,,是,41,41,44,69,7,0,0
1,1194270090107764745,49.98,77,43351.91,4,12,12,,是,41,41,44,67,7,0,0
1,1194270090107764745,24.99,76,43825.35,4,12,12,,是,41,41,44,66,7,0,0
1,1194270090107764745,14.99,75,44098.6,4,12,12,,是,41,41,44,65,7,0,0
1,654347399619371780,375.35,759,7507.22,2,21,24,,是,7,7,4,1,1,1,20
1,629986545018857875,563.52,626,294696,12,1,24,,,290,181,203,1,1,0,0
1,1191864658026246145,350.29,86,54958.15,4,0,0,,是,40,40,35,5,0,0,0
1,618593994521559868,1.99,628,225480.59,94,0,24,,是,1755,1655,1993,71,1,0,0
1,1187352414630395912,39.98,79,37886.44,6,0,15,,是,103,55,71,25,0,0,0
1,618593994521559868,3.99,622,224933.35,94,0,24,,是,1755,1655,1993,70,1,0,0
1,11859593,9.99,814,163890.2,19,24,24,,,940,537,672,113,7,0,0
1,618290472881747962,247.88,1430,425773.05,19,1,24,,是,40,40,11,0,1,0,0
1,1182050464653324294,9.99,91,21443.03,1,15,15,,是,117,115,117,12,7,0,0
1,1182050464653324294,480.79,90,21428.96,1,15,15,,是,115,113,116,11,7,0,0
1,1182050464653324294,19.99,87,21786.68,1,15,15,,是,113,111,114,10,7,0,0
1,577828205629243291,196.68,468,3931.82,1,24,24,是,是,1,1,0,0,1,1,21
1,577072865757341109,30.98,47,147789.36,19,0,0,,是,28,28,4,2,1,1,21
1,562254488562678885,40.73,46,214040.87,21,0,0,,是,29,29,6,7,1,0,0
1,547388392711367132,1.26,815,67751.13,3,0,24,,,2417,2413,2620,301,1,0,0
1,1175470583865880580,200.65,166,44477.57,1,15,15,,是,80,80,78,0,7,3,18
1,547388392711367132,154.87,814,68795.94,3,0,24,,,2417,2413,2620,276,1,0,0
1,547388392711367132,5.31,813,68794.46,3,0,24,,,2417,2413,2620,258,1,0,0
1,537313906551386021,1231.09,1474,36376.33,24,0,24,,,75,57,29,15,1,1,2
1,535930278100168908,29.94,1662,598.8,3,0,0,是,是,3,3,0,0,1,1,21
1,1173941729506570247,55.04,135,92413.79,44,0,24,,,235,225,286,55,7,2,17
1,1172564549954387974,729.74,66,23840.33,2,5,12,,是,49,47,75,2,0,0,0
1,524561578222993905,23.89,47,14751.43,18,0,0,,是,33,33,7,4,1,0,0
1,1162690260690219012,69.74,143,7887.19,2,0,0,,,8,7,13,14,7,0,0
1,521384280158164826,23.85,92,952.39,1,20,20,,是,34,23,38,9,1,0,0
1,521384280158164826,7.17,91,1094.9,1,20,20,,是,34,23,38,8,1,0,0
1,520565920209738716,38.09,673,193322.86,13,15,24,,,1901,1769,1924,64,1,0,0
1,1153338276245880834,24.99,117,4757.7,2,15,24,,是,46,7,40,3,7,0,0
1,1152554488163155977,47.49,64,2462.62,1,0,0,,,25,16,22,5,0,0,0
1,520565920209738716,7.41,661,192442.63,14,11.1,24,,,1901,1769,1923,62,1,0,0
1,507621304205242796,142.85,786,88650.05,3,24,24,,,29,15,9,5,1,0,0
1,504049105551909058,254.83,47,5094.5,1,0,0,,是,2,2,1,0,1,0,0
1,502602329096377524,503.45,1668,267835.44,20,0,0,,是,52,52,20,26,1,0,0
1,1149006063974957056,106.62,83,25253.92,8,0,24,,是,109,64,86,3,7,1,13
1,1149006063974957056,158.77,82,28413.9,9,0,24,,是,109,64,86,2,7,1,13
1,500947422010334278,604.41,47,44023.3,8,0,0,是,是,10,10,0,4,1,1,4
1,1137467509629206536,190.86,50,3815.67,1,2,2,,是,10,10,9,13,0,0,0
1,500947422010334278,9.2,46,44107.87,8,0,0,是,是,10,10,0,3,1,1,4
1,1133023376395157513,700.88,304,1031627.01,15,0,24,,是,156,156,286,1,7,1,3
1,1133023376395157513,250.1,302,1008510.3,12,15,24,,是,153,153,266,0,7,1,3
1,1132341531856814086,37.57,115,1829.28,2,0,24,是,是,3,3,1,0,7,1,10
1,499570983422829096,129.43,1351,1848.5,2,24,24,,是,4,4,0,2,1,1,21
1,498810658134077903,0.49,1490,319189.1,52,0,24,,是,1792,1563,1659,49,1,1,21
1,498810658134077903,2.58,1488,319026.64,52,0,24,,是,1792,1563,1659,48,1,1,21
1,498810658134077903,0.06,1487,318920.98,52,0,24,,是,1792,1563,1659,47,1,1,21
1,1119308175598632967,153.52,57,3069.3,1,0,0,,是,5,5,7,0,0,0,0
1,498476155200936748,702.35,601,59270.07,7,24,24,,,94,74,64,5,1,0,0
1,497405824528967937,5.23,46,2842.31,1,0,0,,是,18,18,17,6,1,1,21
1,1108716754671988740,25,61,47157.13,5,0,15,,,493,431,629,44,7,5,77
1,496589172316990450,4975.11,1387,360584.11,30,0,0,,,78,78,57,37,1,0,0
1,496476144393003830,317.48,627,1187834.45,282,1,24,,,3725,1819,2150,294,1,1,9
1,1097944273753432072,0.6,380,2957.11,1,0,0,,是,22,9,24,5,7,7,85
1,1085602723522375684,410.61,542,8208.46,2,12,12,是,是,2,2,0,0,0,0,0
1,1076558628225253378,199.54,496,3988.95,1,24,24,,,8,5,3,3,7,2,31
1,496476144393003830,99.78,623,1187610.19,282,1,24,,,3725,1819,2150,292,1,1,9
1,1067438538137497603,508.63,46,23397.92,5,0,15,,,86,21,56,3,0,0,0
1,496476144393003830,61.49,622,1188840.19,282,1,24,,,3725,1819,2150,291,1,1,9
1,496367549836072450,3017.67,1617,146095.22,21,8,24,,是,1054,1054,886,361,1,1,5
1,1063105851583062022,200.5,140,62673.31,6,0,10,,是,181,178,272,0,7,0,0
1,1058463413723693057,150.18,68,6086.13,2,0,15,,,157,49,100,6,0,0,0
1,1057317857462792192,7.13,129,588.82,1,0,0,,,20,12,6,12,7,6,97
1,494389856856718571,55.71,743,22532.16,2,14,14,,,190,102,97,31,1,0,0
1,1055084531976990721,149.99,89,181417.61,6,0,15,,,653,580,871,35,0,0,0
1,1304646928255942659,14.26,47,21057.22,2,0,0,,是,3,3,1,22,1,1,20
1,1293503712915881985,7.13,48,18113.79,1,0,0,,是,4,4,5,18,1,0,0
1,1049788490989907976,47.62,286,11554.16,4,18,18,,,8,7,2,1,7,2,42
1,1283772996288249856,200,47,18379.84,2,0,0,,是,8,8,6,2,1,1,21
1,1281891195022213121,150.06,47,32558.87,2,0,1,,是,61,59,58,9,1,1,21
1,1047910091908407299,164.96,64,3297.28,1,24,24,是,,8,1,0,3,0,0,0
1,1046076886301491208,1026.13,65,99542.35,5,0,0,,是,21,21,16,0,0,0,0
1,1042819663286714368,51.37,66,1027.06,1,1,1,,,10,3,0,2,0,0,0
1,1042488486847791113,108.85,692,2176.2,1,0,0,是,是,1,1,0,0,0,0,0
1,1036294086165749768,532.14,114,144116.3,5,0,0,,,115,114,117,1,7,4,31
1,1278958896429400065,280.19,47,7018.01,2,0,1,,是,55,51,89,4,1,0,0
1,1277478330941046784,161.82,121,3234.43,1,0,0,是,是,1,1,0,0,1,0,0
1,1271979201112571907,210.91,84,4215.66,1,0,0,,是,3,3,2,0,1,1,17
1,1265545490359910402,83.23,159,1663.71,1,24,24,是,是,1,1,0,0,1,0,0
1,1179516208240607239,1381.12,49,27611.2,2,15.4,15.4,,是,16,14,14,0,1,0,0
1,1032051491638034438,29.99,59,107839.22,3,0,5,,,403,334,415,87,7,1,21
1,1032051491638034438,74.99,58,109293.18,3,0,5,,,401,332,413,85,7,1,21
1,1156647642692796423,232.38,91,37182.8,9,0,0,,,202,197,171,95,1,0,0
1,1032019455791558661,14.28,46,285.56,1,8,8,,,23,19,32,19,0,0,0
1,1030509569735876608,500.34,58,78566.44,3,0,15,,,899,463,563,34,0,0,0
1,1149779213339799554,9.99,46,31752.32,15,0,0,,,185,184,290,22,1,1,21
1,1142238102597611525,191.27,420,3823.46,1,0,0,是,是,1,1,0,0,1,0,0
1,1027924819531751427,149.99,55,73068.52,4,0,6,,,57,54,74,12,0,0,0
1,1132271415391629321,641.25,433,38991.84,8,0,24,,是,19,16,13,1,1,0,0
1,1120391641857732615,3979.01,92,105986.69,5,0,15,,,60,60,49,8,1,0,0
1,1110560088558366724,0.48,489,2647.17,1,24,24,,是,2,2,1,0,1,0,0
1,1050791088677142534,71.67,662,1433.58,1,24,24,是,是,1,1,0,0,1,1,21
1,1027963677149458433,586.2,709,11724.08,1,0,0,,是,4,4,3,0,1,1,17
1,1007199184048062470,0.24,630,1322.69,2,24,24,,是,3,3,2,19,7,0,0
1,1012317180848451584,37.35,771,747.18,2,0.1,24,是,是,2,2,0,0,1,1,21
1,1006973165265453058,49.99,216,58231.17,5,0,1,,是,253,247,291,3,7,3,13
1,1002574316899885065,71.28,667,1425.34,3,1,24,,,12,10,10,2,1,1,21
0,507682411808339169,,216,15994.74,2,15,15,,是,12,11,9,0,6,0,0
0,532547765315761549,,2011,71005,10,16.8,24,,是,21,21,11,4,0,0,0
0,1183405548217778182,,192,22413.83,3,0,15,,,50,50,161,1,6,0,0
0,618384796441491675,,168,7088,6,1,24,是,是,6,6,0,0,6,0,0
0,525417307368420416,,1941,2270.45,1,23,23,是,是,1,1,0,0,0,0,0
0,498882880890644799,,2036,7051.05,2,24,24,是,是,2,2,0,0,5,1,4
0,498777106822652976,,1913,1976846.73,53,0,24,,是,196,196,85,7,0,0,0
0,583238380104190468,,1909,6462.75,9,24,24,,是,24,24,14,0,0,0,0
0,533105581245188161,,1908,7234.99,7,0,24,是,是,7,7,0,0,0,0,0
0,515599996188985249,,1957,1086.3,1,24,24,,是,12,12,12,7,5,3,22
0,548847882954573985,,1929,8442.59,3,0,24,,是,13,13,5,11,5,0,0
0,543482005178522255,,1869,16052.96,15,1,24,,是,39,39,21,7,0,0,0
0,497353183027278317,,1892,3449.35,5,24,24,是,是,5,5,0,0,5,0,0
0,631252293809190375,,1829,6928.57,11,0,0,是,是,11,11,1,0,0,0,0
0,624445197549300959,,1814,8874.7,12,11,24,,是,25,25,7,0,0,0,0
0,520977530892775179,,1887,2632.98,4,0,0,是,是,4,4,0,0,5,0,0
0,625029952913647556,,1840,1088.87,2,2,2,是,是,2,2,0,0,5,0,0
0,497406187827005718,,1759,2637.63,5,0,5,是,是,5,5,0,0,0,0,0
0,645407735621989008,,1769,288.62,4,0,0,是,是,4,4,1,0,5,0,0
0,514793776243269063,,1729,4444.18,5,24,24,,是,18,18,5,6,0,0,0
0,654660784085066299,,1766,4322.66,2,24,24,是,是,2,2,0,0,5,0,0
0,511911271887503650,,1723,32774.82,26,24,24,,是,29,29,1,3,0,0,0
0,667014213377589322,,1716,48478.99,4,24,24,,是,9,9,10,1,0,0,0
0,651610435699193927,,1740,6406.81,3,24,24,,是,6,6,3,0,5,3,63
0,623639137578499080,,1683,5441.07,3,24,24,,是,63,63,17,69,0,0,0
0,531230254536253816,,1658,7564.56,2,0,0,,是,34,32,18,7,0,0,0
0,526350577312361770,,1729,1856.49,6,24,24,是,是,6,6,0,0,5,0,0
0,660886530348597503,,1615,20593.56,5,10,10,,是,21,21,26,0,0,0,0
0,653516487634043318,,1714,2123.52,2,23,23,是,是,2,2,0,0,5,0,0
0,655790979911621417,,1656,3372.87,1,24,24,,是,16,16,14,12,5,0,0
0,496012071610759940,,1478,2763.46,2,23,23,,是,4,4,3,0,5,0,0
0,547142281966886371,,1546,5724.88,5,0,0,,是,23,23,14,5,0,0,0
0,523840524706110719,,1504,5724.51,8,24,24,是,是,8,8,0,0,0,0,0
0,635912097448419019,,1502,3941.53,4,0,24,,是,8,8,4,0,0,0,0
0,556501091890198794,,1498,19826.88,3,0,0,,是,28,14,14,2,0,0,0
0,518399503071647906,,1495,10455.66,7,0,24,,是,28,28,5,15,0,0,0
0,527882085915540194,,1470,5895,3,24,24,,是,19,19,16,0,5,1,10
0,838017303747448836,,1206,3577,3,24,24,是,是,3,3,0,0,5,1,3
0,839092956433432585,,1194,1775.45,2,0,0,是,是,2,2,0,0,5,0,0
0,509025080174425814,,1463,27855.09,9,0,24,,是,124,65,66,30,0,0,0
0,508683090056235698,,1120,2079.12,2,24,24,,,6,6,0,5,5,0,0
0,826079245489881091,,1096,5157.15,2,0,0,,,11,6,2,2,5,0,0
0,610200886654135133,,1425,4348.77,4,0,24,,是,8,8,4,0,0,0,0
0,586186306107457262,,1425,4446.57,4,24,24,,是,10,10,4,2,0,0,0
0,617332054180234951,,1413,29287,33,0,24,,是,71,63,27,4,0,0,0
0,789542282167541764,,1083,3426.61,2,24,24,是,是,2,2,0,0,5,2,8
0,581487774855331402,,1407,8356.85,22,24,24,是,是,22,22,0,0,0,0,0
0,903245290209771524,,1080,2423.55,2,0,0,是,是,2,2,0,1,5,0,0
0,555842288026912512,,1390,29904.76,15,24,24,,,89,43,28,0,0,0,0
0,738319668808460424,,1070,3416.67,2,24,24,,是,10,5,3,0,5,0,0
0,908685231173627910,,1064,1695.54,2,24,24,是,是,2,2,0,0,5,0,0
0,555425379955498681,,1375,13306.78,7,24,24,,是,9,9,0,2,0,0,0
0,606512927790340311,,1372,4180.68,4,0,24,是,是,4,4,0,0,0,0,0
0,501292259657480183,,1364,1863.89,6,24,24,是,是,6,6,0,0,0,0,0
0,911258972537696265,,1059,2543.73,2,24,24,是,是,2,2,0,0,5,0,0
0,534077579407316759,,1361,10527.31,11,0,24,,是,31,28,21,0,0,0,0
0,515509327541936630,,1358,8426.69,7,24,24,,是,12,12,4,2,0,0,0
0,522517352576080227,,1346,2517.17,4,24,24,是,是,4,4,0,0,0,0,0
0,905939872823345158,,1058,1687.05,2,0,0,,是,10,8,6,0,5,5,33
0,906563012607836164,,1048,2532.95,2,24,24,,,10,10,4,4,5,0,0
0,627518956355578344,,1324,149514.37,27,12,24,,,252,120,89,18,0,0,0
0,521040480335985829,,1313,38959.62,29,0,24,,是,38,38,9,0,0,0,0
0,611186561540690744,,1310,5568.3,3,24,24,,是,7,7,4,0,0,0,0
0,621451310656395405,,1309,50256.55,13,0,24,,是,323,182,168,15,0,0,0
0,814631013253591048,,1023,10047.36,4,12,12,,,42,34,11,19,5,5,91
0,510891265467653145,,1303,10177.56,6,20,24,,是,20,14,9,0,0,0,0
0,885132446784241672,,1004,1656.54,2,24,24,是,是,2,2,0,0,5,2,25
0,514731285836654007,,1297,27017.95,23,0,24,,,72,31,8,0,0,0,0
0,808013683564167176,,1296,11230.93,2,24,24,,,53,17,15,1,0,0,0
0,634241096306242379,,1000,28524.88,1,24,24,是,是,1,1,0,0,5,0,0
0,561938830377474886,,1292,2660.15,3,24,24,,是,10,8,5,0,0,0,0
0,741248243681416512,,1288,11083.51,3,12,12,,是,12,9,6,0,0,0,0
0,521748139901698346,,818,12376.32,1,0,0,,,60,44,60,23,5,0,0
0,818849369187893257,,1272,9248.04,4,24,24,,,42,14,10,0,0,0,0
0,837642476385681413,,1262,14631.8,6,24,24,是,是,8,8,0,2,0,0,0
0,837672278824013830,,1262,13149.56,12,24,24,是,是,12,12,0,0,0,0,0
0,677682018397536720,,1259,6939.87,7,24,24,,是,15,15,6,4,0,0,0
0,839848038531821575,,1250,2718.4,3,24,24,是,是,3,3,0,0,0,0,0
0,511183857908090985,,1248,1810.55,2,0,0,是,是,4,2,0,0,0,0,0
0,842039390183059456,,1247,1816.46,2,24,24,是,是,2,2,0,0,0,0,0
0,827629778113622019,,1247,5443.47,3,24,24,是,是,3,3,0,0,0,0,0
0,625351190529444250,,1243,7431.27,7,0,24,,是,9,9,2,0,0,0,0
0,501860508727925182,,1241,1809.81,2,20,20,是,是,2,2,0,0,0,0,0
0,514158645547006408,,1241,8249.88,7,24,24,是,是,7,7,0,0,0,0,0
0,736567226680956948,,495,22429.41,3,24,24,,,22,11,72,3,5,0,0
0,670575690537620426,,439,6446.49,1,12,12,,,36,28,27,0,5,4,51
0,671320789219497910,,1235,36625.64,12,24,24,,是,22,14,2,0,0,0,0
0,848587564670472196,,1232,2713.27,2,24,24,是,是,2,2,0,0,0,0,0
0,526102400412607584,,241,9856.15,3,10,10,是,是,3,3,0,0,5,0,0
0,610864246214886954,,1226,11168.39,11,24,24,是,是,13,13,2,0,0,0,0
0,811948591185608706,,1225,13168.11,5,0,24,是,是,5,5,0,0,0,0,0
0,850795037913464841,,1224,2334.14,3,24,24,是,是,3,3,0,0,0,0,0
0,846010823317864457,,116,3226.6,1,2,2,,是,2,2,1,0,5,0,0
0,557524574975823342,,1220,5114.31,4,0,0,,是,14,12,8,0,0,0,0
0,1118588791372595205,,99,18288.57,3,0,0,,是,7,7,5,0,5,0,0
0,524696810532164550,,1218,5397.12,4,24,24,是,是,4,4,0,0,0,0,0
0,854659308183302152,,1215,2325.72,3,24,24,是,是,3,3,0,0,0,0,0
0,534089565368387156,,1210,1605.94,3,24,24,是,是,3,3,0,0,0,0,0
0,598928448441526923,,1479,1375.1,2,0,0,是,是,2,2,0,0,4,1,6
0,785484882259169286,,1203,7137.22,4,0,0,是,是,4,4,0,0,0,0,0
0,583033747821786276,,1431,6947.13,7,24,24,,,26,26,14,6,4,1,21
0,854375401835692041,,1199,2138.18,3,20,20,是,,9,3,0,0,0,0,0
0,800673672141434882,,1196,44766.39,15,0,24,,,65,34,19,1,0,0,0
0,552510077072568843,,1390,3409.2,4,0,0,,,32,19,8,7,4,0,0
0,859834234083176454,,1192,3556.85,4,24,24,是,是,4,4,0,0,0,0,0
0,553977140723045501,,1190,53150.99,23,0,24,是,是,112,43,21,0,0,0,0
0,762623860091609092,,1335,929.5,1,24,24,是,是,1,1,0,0,4,4,29
0,863712237645152256,,1184,3558.92,2,24,24,是,是,2,2,0,0,0,0,0
0,514110934358356668,,1302,42813.39,9,0,24,,,78,48,31,12,4,0,0
0,866694986609946627,,1180,1771.6,2,24,24,是,是,2,2,0,0,0,0,0
0,867062380943601671,,1179,5322.69,2,24,24,是,是,2,2,0,0,0,0,0
0,890595363965054979,,1080,5136.21,2,0,23,是,是,2,2,0,0,4,0,0
0,564333149492598664,,1034,3370.3,2,24,24,,是,16,14,8,4,4,0,0
0,713734181074720673,,1176,3539.25,2,0,0,,是,8,8,6,0,0,0,0
0,807985868265435142,,1020,2508.46,2,24,24,是,是,4,2,0,0,4,2,20
0,803622827671388168,,1166,14089.2,13,24,24,,是,23,23,8,2,0,0,0
0,535522876101869737,,1160,72675.5,12,6,24,,,123,27,18,0,0,0,0
0,707282021852071818,,1158,17131.27,14,0,24,,是,78,36,20,2,0,0,0
0,528153562950977598,,1157,14623.05,5,18,24,,是,13,13,11,0,0,0,0
0,876455986464780291,,1154,4569,3,1,24,是,是,3,3,0,0,0,0,0
0,522145868674809032,,1152,27219.78,11,0,24,,是,18,18,7,0,0,0,0
0,872197133174792200,,829,473.84,1,24,24,,,35,26,28,11,4,0,0
0,579039025046477334,,1127,13973.83,4,24,24,,是,26,12,6,2,0,0,0
0,678606017126316375,,1126,56617.71,26,0,24,,是,77,59,33,0,0,0,0
0,1186691927966167043,,294,1428.54,1,0,0,是,是,4,1,3,0,4,0,0
0,499356265936468841,,1592,3079.96,2,23,23,,是,8,8,4,0,3,0,0
0,496597837006509115,,1425,10037.41,9,0,24,,,53,51,36,17,3,2,7
0,541584180643604453,,1116,7798.77,6,24,24,是,是,6,6,0,0,0,0,0
0,782646706922545160,,1385,11480.56,2,0,24,,是,6,4,2,0,3,2,17
0,890971267874643976,,1097,1716.99,2,24,24,,是,6,6,4,0,3,0,0
0,501883345895523663,,1108,3450.27,4,24,24,,是,10,8,4,0,0,0,0
0,894255542636068869,,1104,15555,4,24,24,是,是,4,4,0,0,0,0,0
0,816398861563019266,,1102,9587.14,4,0,24,,,225,54,51,0,0,0,0
0,530812420412865644,,1101,3438.98,4,23,24,,是,6,6,2,0,0,0,0
0,876076792471842823,,1100,16770.5,6,24,24,,是,16,10,4,0,0,0,0
0,853590013785370626,,1092,9855.9,4,12,24,,,32,28,24,0,3,3,57
0,927541745816645638,,956,1621.32,1,7,7,,,21,19,15,7,3,0,0
0,979059224187187201,,812,3107,2,12,12,是,,28,3,0,1,3,0,0
0,897117973603364865,,1092,12028.29,7,24,24,是,是,7,7,0,0,0,0,0
0,881543719541489669,,1089,17200.23,10,0,24,,是,36,22,12,0,0,0,0
0,844148868139401216,,1089,12902.81,8,24,24,,是,23,15,7,0,0,0,0
0,497187867718762172,,1088,4277.4,4,0,24,是,是,6,4,0,0,0,0,0
0,985142652015947778,,769,45144.96,1,0,0,,是,9,4,3,0,3,0,0
0,763304134530007047,,1219,8362.86,3,24,24,,,86,24,18,16,2,0,0
0,876075025105383429,,1144,4373.59,3,24,24,,是,7,7,0,4,2,2,42
0,777500586005196801,,1118,2601.55,2,24,24,是,是,2,2,0,0,2,0,0
0,856084831430193158,,1067,1742.32,2,19,24,,,116,8,2,4,2,0,0
0,620226989682329818,,1077,6986.48,6,0,24,是,是,6,6,0,0,0,0,0
0,605442749052751714,,1057,8314.58,4,24,24,,是,36,34,28,3,2,0,0
0,592372763755059263,,1071,16166.17,9,0,24,,是,49,47,40,0,0,0,0
0,622020091417979226,,1070,2738.02,2,24,24,,是,28,12,11,0,0,0,0
0,780114938898116610,,944,8998.63,10,24,24,,,97,19,6,4,2,1,21
0,865610208733257732,,936,38588.82,4,24,24,,,34,31,23,15,2,2,10
0,972179212515377158,,892,4758.18,2,24,24,是,是,2,2,0,0,2,0,0
0,530724513043281866,,1064,10286.08,5,24,24,,是,55,33,24,4,0,0,0
0,986999287197949953,,850,4686.33,1,24,24,是,是,1,1,0,0,2,0,0
0,815944917917319177,,439,23559.36,3,0,24,,是,8,8,5,0,2,0,0
0,504854225995634047,,1961,5160.35,6,0,1,,是,18,18,5,8,1,1,16
0,568226942818162919,,1604,189064.73,75,0,24,,是,338,320,378,22,1,0,0
0,607263623062328291,,1056,4223.6,4,0,24,,是,8,8,4,0,0,0,0
0,832589976691486729,,1053,3367.6,2,0,0,,是,26,15,13,0,0,0,0
0,777542344265134082,,1052,6249.33,4,0,24,,是,16,12,8,0,0,0,0
0,799961256109748230,,1049,10324.8,10,24,24,,是,30,14,4,0,0,0,0
0,540565275712139941,,1554,16017.77,14,0,24,,是,55,52,34,17,1,0,0
0,609830252715184116,,1412,13486.21,8,24,24,,,113,77,64,8,1,1,6
0,790533447373242374,,1046,5909.14,4,0,24,,是,24,10,7,0,0,0,0
0,496309604532168592,,1044,11818.91,6,24,24,,是,14,10,4,0,0,0,0
0,916649807315943430,,1043,1679.69,2,11,11,是,是,2,2,0,0,0,0,0
0,576480048591520911,,1404,14980.43,4,10,24,,,100,69,49,30,1,0,0
0,553419362627484325,,1042,1681.24,2,24,24,是,是,2,2,0,0,0,0,0
0,857216306435284992,,1038,12002.92,4,24,24,,是,54,20,18,0,0,0,0
0,599709251744292598,,1036,84020.45,1,0,0,,是,26,18,18,0,0,0,0
0,620325361588498329,,1363,55362.65,32,0,24,,,99,80,45,3,1,0,0
0,920001822339334152,,1032,2518.26,2,24,24,是,是,2,2,0,0,0,0,0
0,605809391100605444,,1030,10066.72,4,7,12,,是,6,6,2,0,0,0,0
0,510043066854696976,,1028,2513.35,2,24,24,是,是,2,2,0,0,0,0,0
0,923147465052356611,,1025,1172.65,1,12,12,是,是,1,1,0,0,0,0,0
0,846823862808035331,,1024,23452.64,10,24,24,,是,15,15,6,0,0,0,0
0,811255552163135491,,1335,6169.9,5,24,24,是,是,5,5,0,0,1,0,0
0,822057352529137667,,1304,5548.8,7,0,24,是,是,7,7,0,0,1,0,0
0,529379596111436181,,1018,5007.11,2,24,24,是,是,2,2,0,0,0,0,0
0,917829839497412612,,1017,1503.58,1,24,24,是,是,1,1,0,0,0,0,0
0,510821356997608466,,1016,4332.13,3,24,24,,是,7,7,4,1,0,0,0
0,909080889097412612,,1015,6483.55,2,24,24,,是,14,10,8,0,0,0,0
0,924359349470457864,,1015,23525.94,6,12,24,,是,9,9,3,0,0,0,0
0,896365202486812679,,1012,58263.11,1,0,0,,是,14,14,13,0,0,0,0
0,927323745003982854,,1007,3337.57,2,24,24,是,是,4,2,0,0,0,0,0
0,723857352188580370,,1296,9745.32,13,0,24,,是,34,34,10,7,1,0,0
0,848876291615567878,,1003,4140.82,4,24,24,,是,8,6,0,2,0,0,0
0,803956186146615305,,1280,31533.89,6,24,24,,,101,37,25,7,1,0,0
0,512696292432079940,,1000,8911.64,10,0,15,,是,91,23,9,4,0,0,0
0,844027908786716672,,998,1653.3,2,24,24,,是,8,8,8,0,0,0,0
0,517012795029237279,,1240,69510.67,27,24,24,,,143,84,56,6,1,0,0
0,847512296505692166,,1235,3051.99,5,24,24,是,是,7,5,0,0,1,0,0
0,496606013483391934,,992,9162.94,4,20,24,,是,31,14,10,0,0,0,0
0,915242553622614016,,990,3302.76,2,24,24,是,是,4,2,0,0,0,0,0
0,645573353272893222,,1228,25645.36,4,0,12,,是,217,78,64,24,1,0,0
0,939266174686806016,,983,3294.3,2,24,24,是,是,2,2,0,0,0,0,0
0,833303649022062601,,1223,25303.79,5,24,24,,,13,13,6,2,1,0,0
0,927260487979069448,,978,8204.56,1,0,0,,是,7,7,6,0,0,0,0
0,618766742657035782,,978,8196.28,9,24,24,,是,11,11,2,0,0,0,0
0,934827834860331011,,978,4094.61,5,24,24,是,是,5,5,0,0,0,0,0
0,569559459121436044,,1199,10826.33,4,24,24,,,74,50,39,4,1,0,0
0,578701899694708684,,1190,14257.96,6,0,24,是,是,6,6,0,0,1,0,0
0,934074045781979140,,974,23402.93,7,24,24,,是,23,13,6,0,0,0,0
0,936288694459916296,,973,42660.81,12,24,24,,是,37,34,22,0,0,0,0
0,931562707604164610,,973,9883.15,6,0,24,,是,32,10,4,0,0,0,0
0,912346277696471042,,973,3282.52,1,24,24,,是,4,4,1,2,0,0,0
0,909723537156038658,,970,1157.24,1,24,24,,是,7,2,1,0,0,0,0
0,743212008379470849,,1184,8301.07,5,10,24,,,87,21,16,0,1,0,0
0,912765855744360455,,968,1643,2,24,24,是,是,6,2,0,0,0,0,0
0,502141987538653474,,966,9843.74,3,24,24,,是,67,59,56,7,0,0,0
0,566728145000713577,,965,1631.85,2,24,24,是,是,2,2,0,0,0,0,0
0,809402811434360840,,960,11483.96,4,24,24,,是,23,8,4,0,0,0,0
0,798201831766323202,,960,4914.86,1,24,24,是,是,2,1,0,0,0,0,0
0,916358993708802048,,959,20150.28,3,24,24,是,是,10,4,0,1,0,0,0
0,944910165138681859,,958,1626.64,2,24,24,,是,4,4,2,0,0,0,0
0,835860075280019464,,1176,17826.33,4,0,24,,,77,29,19,6,1,0,0
0,868903233139982337,,1176,1593.25,1,0,0,是,是,1,1,0,0,1,0,0
0,869224632459145221,,1167,17697.15,4,20,24,是,是,4,4,0,0,1,0,0
0,501532772314541257,,1121,3486.91,2,24,24,是,是,4,2,0,0,1,1,9
0,529702061077627207,,1112,39918.06,19,20,24,,是,30,30,7,4,1,0,0
0,745332886500224830,,1112,15581.25,6,24,24,,,32,22,14,2,1,1,21
0,939100962604134401,,936,2423.19,2,24,24,是,是,2,2,0,0,0,0,0
0,518111579725830792,,921,1619.01,1,24,24,是,是,5,1,0,0,0,0,0
0,811738607982170112,,1081,23133.5,10,0,24,,,44,22,10,2,1,0,0
0,968429737611313157,,903,3189.28,1,20,20,是,是,1,1,0,0,0,0,0
0,939920557523025928,,901,86756.78,11,0,24,,是,156,55,44,0,0,0,0
0,969265307182919689,,899,1750.89,1,24,24,是,是,1,1,0,0,0,0,0
0,898558788250841095,,1079,42832.23,3,24,24,,是,5,5,2,0,1,1,21
0,507840665246669532,,894,3170.08,2,24,24,是,是,2,2,0,0,0,0,0
0,904708644325523465,,1077,10266.37,3,23,24,是,是,3,3,0,0,1,0,0
0,544249200871449071,,1069,7315.28,6,24,24,,是,13,13,6,1,1,0,0
0,956524155711217673,,888,9613.11,1,24,24,是,是,6,1,0,0,0,0,0
0,519814348824301950,,888,1579.82,2,24,24,是,是,2,2,0,0,0,0,0
0,972629926567964674,,883,22997.31,10,12,24,,是,19,19,9,0,0,0,0
0,626824161618028989,,881,782.57,1,24,24,,是,2,2,1,0,0,0,0
0,875825261449269253,,1048,13322.84,10,10,24,,,43,37,23,4,1,0,0
0,982279417927516167,,864,3138.41,1,24,24,是,是,1,1,0,0,0,0,0
0,916764645232955400,,1042,8423.24,1,8,8,是,是,1,1,0,0,1,0,0
0,983009512765997065,,862,2662.4,2,24,24,是,是,2,2,0,0,0,0,0
0,530831866862956376,,862,1203.68,2,19,19,,是,5,5,2,1,0,0,0
0,620720171956682866,,995,3297.38,4,24,24,,,18,8,7,0,1,0,0
0,894965106524254215,,852,1553.15,1,0,0,是,是,1,1,0,0,0,0,0
0,668983068891124568,,994,64104.07,25,0,24,,,239,61,33,3,1,0,0
0,922871731855507463,,984,130973.94,7,0,24,,是,44,38,31,0,1,0,0
0,845689915449507843,,981,34308.05,7,24,24,,,94,56,47,4,1,0,0
0,890947621596643334,,976,15235.54,7,10,24,,,33,21,12,2,1,0,0
0,714038475787160543,,975,3280.53,2,12,12,,,68,24,18,6,1,0,0
0,705325505024491261,,970,26997.32,10,12,24,,是,12,12,2,0,1,0,0
0,929017332984918025,,804,2286.94,1,0,0,,是,3,3,2,0,0,0,0
0,837286433021440007,,796,1518.11,1,10,10,,是,2,2,1,0,0,0,0
0,981988353102528515,,795,1516.1,1,0,0,是,是,1,1,0,0,0,0,0
0,542662812606655424,,777,2268.36,1,24,24,,是,112,16,15,0,0,0,0
0,515021704809716345,,954,8152.12,2,24,24,是,是,2,2,0,0,1,1,6
0,927867440249921536,,952,87698.37,2,0,0,,,21,17,15,1,1,0,0
0,550318378275572651,,749,1490.13,1,24,24,,是,3,3,2,0,0,0,0
0,916285656575983625,,942,2429.07,1,24,24,,,3,3,1,1,1,0,0
0,961622669030014978,,911,2404.6,2,24,24,,是,9,5,2,2,1,0,0
0,498896233776198960,,898,31795.55,1,0,0,,,156,106,117,7,1,0,0
0,593164171034194403,,714,7361.64,1,24,24,,是,10,10,10,0,0,0,0
0,496290575704660871,,697,4386.89,2,24,24,是,是,2,2,0,0,0,0,0
0,1043174453749448706,,680,14487.32,1,12,12,,是,3,3,2,0,0,0,0
0,1038830761244848131,,669,14394.77,1,2,2,,是,2,2,1,0,0,0,0
0,950376772417835015,,889,2377.13,1,24,24,是,是,1,1,0,0,1,1,4
0,519982029346551303,,658,4304.15,1,24,24,是,是,1,1,0,0,0,0,0
0,887646052000157701,,870,185914.28,9,0,24,,,156,81,66,6,1,1,11
0,1048744285781831682,,650,1426.86,2,0,24,是,是,2,2,0,0,0,0,0
0,1059487311277797378,,648,5708.28,2,24,24,是,是,2,2,0,0,0,0,0
0,615578504773616215,,643,11372.67,3,0,24,,是,8,8,6,0,0,0,0
0,982653467384307713,,862,14101.87,5,24,24,是,是,5,5,0,0,1,0,0
0,646672019651926372,,612,3362.41,1,0,0,,,9,3,2,0,0,0,0
0,984458408151179268,,859,3121.97,3,24,24,是,是,3,3,0,0,1,0,0
0,1059935449755103238,,551,2039,1,0,0,是,是,7,1,0,0,0,0,0
0,636109382593653692,,833,2322.25,1,24,24,,是,6,4,3,0,1,0,0
0,1076121392593727488,,483,1974.07,1,6,6,,是,17,11,10,0,0,0,0
0,1123983688892100610,,471,26188.95,2,0,24,是,是,3,3,1,0,0,0,0
0,824659139203383301,,826,8514.99,4,24,24,,,58,20,17,0,1,0,0
0,520665706774976542,,753,139429.62,11,1,24,,,256,154,138,6,1,0,0
0,995282721418719236,,746,7457.07,1,24,24,,是,14,8,8,1,1,0,0
0,1115019752171864065,,398,2520.07,1,0,0,,是,19,2,16,0,0,0,0
0,1130884235733712901,,396,6312.03,1,24,24,是,是,1,1,0,0,0,0,0
0,1132759016858923014,,386,32038.02,5,12,24,,是,28,28,23,0,0,0,0
0,1138071635903856643,,367,72603.67,6,1,1,,是,13,10,5,0,0,0,0
0,1007587415885295619,,735,7427.91,2,24,24,,是,3,3,1,0,1,0,0
0,977631986719870976,,362,12371.77,1,0,0,,是,6,6,5,0,0,0,0
0,1138147414343892996,,316,49054.59,3,24,24,,是,13,13,37,0,0,0,0
0,803604571040477192,,727,3698.03,1,18,18,,,9,5,0,4,1,0,0
0,761167498971152386,,668,8640.77,4,21,24,,,82,48,35,15,1,1,21
0,780128088947130368,,651,18605.6,3,12,24,,是,12,11,9,0,1,0,0
0,573146870099325497,,640,1994.71,1,5,5,,是,29,21,26,2,1,0,0
0,1077922961614143493,,552,7500.7,4,24,24,,是,10,10,6,0,1,0,0
0,543411926810203685,,424,1737.69,1,24,24,是,是,2,2,8,0,1,0,0
0,895900332947636225,,366,4968.13,2,24,24,,是,7,7,5,0,1,1,9
0,1173665495631474689,,309,18155.22,1,0,0,,是,5,3,4,0,1,0,0
0,517325098043672005,,155,1315.72,1,0,0,是,是,1,1,1,0,0,0,0
0,552084419716581252,,152,3297.47,1,0,0,,是,2,2,1,0,0,0,0
0,1182741389834665985,,309,4818.97,1,10.2,10.2,是,是,1,1,0,0,1,0,0
0,1181179598893690887,,280,5915.12,1,0,0,,是,2,2,1,0,1,1,7
0,1189970347558907906,,150,52394.33,6,1,24,,是,23,23,18,1,1,0,0